   Compiling tillandsias-core v56.9.27 (/home/tlatoani/codex/tillandsias-opencode-lua-session-20261002/crates/tillandsias-core)
   Compiling tillandsias-exec v0.1.0 (/home/tlatoani/codex/tillandsias-opencode-lua-session-20261002/crates/tillandsias-exec)
   Compiling tillandsias-headless v56.9.27 (/home/tlatoani/codex/tillandsias-opencode-lua-session-20261002/crates/tillandsias-headless)
warning: tillandsias-windows-tray@0.1.0: tillandsias-windows-tray: /home/tlatoani/codex/tillandsias-lua-work/1538-pwdr/crates/tillandsias-windows-tray/assets/tillandsias-headless-x86_64-unknown-linux-musl is 0 bytes (placeholder). This build embeds an EMPTY guest binary, so guest injection will be a SILENT NO-OP at runtime. Stage the real musl headless before packaging -- scripts/build-windows-tray.ps1 refuses on this condition (1059-ry6t).
   Compiling tillandsias-podman v56.9.27 (/home/tlatoani/codex/tillandsias-opencode-lua-session-20261002/crates/tillandsias-podman)
   Compiling tillandsias-vm-layer v0.1.0 (/home/tlatoani/codex/tillandsias-opencode-lua-session-20261002/crates/tillandsias-vm-layer)
   Compiling tillandsias-scanner v56.9.27 (/home/tlatoani/codex/tillandsias-opencode-lua-session-20261002/crates/tillandsias-scanner)
   Compiling tillandsias-browser-mcp v0.1.170 (/home/tlatoani/codex/tillandsias-opencode-lua-session-20261002/crates/tillandsias-browser-mcp)
   Compiling tillandsias-vault-client v0.1.1 (/home/tlatoani/codex/tillandsias-opencode-lua-session-20261002/crates/tillandsias-vault-client)
   Compiling tillandsias-host-shell v0.1.0 (/home/tlatoani/codex/tillandsias-opencode-lua-session-20261002/crates/tillandsias-host-shell)
   Compiling tillandsias-metrics v0.1.260513 (/home/tlatoani/codex/tillandsias-opencode-lua-session-20261002/crates/tillandsias-metrics)
   Compiling tillandsias-plan v0.1.0 (/home/tlatoani/codex/tillandsias-opencode-lua-session-20261002/crates/tillandsias-plan)
   Compiling tillandsias-podman-cli v0.1.260518 (/home/tlatoani/codex/tillandsias-opencode-lua-session-20261002/crates/tillandsias-podman-cli)
   Compiling tillandsias-router-sidecar v0.1.170 (/home/tlatoani/codex/tillandsias-opencode-lua-session-20261002/crates/tillandsias-router-sidecar)
   Compiling tillandsias-macos-tray v0.1.0 (/home/tlatoani/codex/tillandsias-opencode-lua-session-20261002/crates/tillandsias-macos-tray)
   Compiling tillandsias-windows-tray v0.1.0 (/home/tlatoani/codex/tillandsias-opencode-lua-session-20261002/crates/tillandsias-windows-tray)
    Finished `test` profile [unoptimized + debuginfo] target(s) in 27.41s
     Running unittests src/lib.rs (target/debug/deps/tillandsias_browser_mcp-826daf67f1394727)

running 75 tests
test allowlist::tests::accepts_project_label_containing_dots ... ok
test allowlist::tests::allowlist_allows_multiple_services_same_project ... ok
test allowlist::tests::allowlist_allows_active_localhost_routes ... ok
test allowlist::tests::allowlist_blocks_external_domains ... ok
test allowlist::tests::allowlist_blocks_non_localhost_tld ... ok
test allowlist::tests::allowlist_allows_ipv6_loopback_for_testing ... ok
test allowlist::tests::allowlist_blocks_ipv4_non_loopback ... ok
test allowlist::tests::allowlist_allows_localhost_ip_for_testing ... ok
test allowlist::tests::accepts_project_observatorium_url_on_router_default_port ... ok
test allowlist::tests::accepts_project_localhost_url ... ok
test allowlist::tests::allowlist_blocks_non_standard_ports ... ok
test allowlist::tests::allowlist_blocks_invalid_urls ... ok
test allowlist::tests::allowlist_blocks_opencode_recursive_launch ... ok
test allowlist::tests::allowlist_blocks_unsupported_schemes ... ok
test allowlist::tests::allowlist_allows_canonical_observatorium_host ... ok
test allowlist::tests::allowlist_empty_allows_all_properly_formatted_localhost_routes ... ok
test allowlist::tests::allowlist_respects_project_isolation ... ok
test allowlist::tests::dotted_project_still_refuses_a_mismatched_project ... ok
test allowlist::tests::rejects_ip_literal ... ok
test allowlist::tests::rejects_opencode_self ... ok
test allowlist::tests::two_label_host_is_still_refused ... ok
test allowlist::tests::validate_allows_canonical_observatorium_host ... ok
test cdp_client::tests::cdp_session_constructs_with_valid_params ... ok
test cdp_client::tests::cdp_session_drop_returns_to_pool ... ok
test cdp_client::tests::click_detects_element_not_found ... ok
test cdp_client::tests::click_escapes_selector_quotes ... ok
test cdp_client::tests::connect_fails_on_port_zero ... ok
test cdp_client::tests::connect_fails_on_port_zero_with_pool ... ok
test cdp_client::tests::connection_failed_includes_context ... ok
test cdp_client::tests::error_messages_are_informative ... ok
test cdp_client::tests::pool_acquire_creates_new_on_empty ... ok
test cdp_client::tests::pool_clear_removes_all_connections ... ok
test cdp_client::tests::pool_evicts_on_size_limit ... ok
test cdp_client::tests::pool_key_equality ... ok
test cdp_client::tests::pool_new_has_default_config ... ok
test cdp_client::tests::pool_with_config_sets_custom_values ... ok
test cdp_client::tests::request_id_increments_on_each_send ... ok
test cdp_client::tests::screenshot_error_on_missing_data_field ... ok
test cdp_client::tests::connect_fails_on_invalid_port ... ok
test cdp_client::tests::screenshot_requires_full_page_param ... ok
test cdp_client::tests::timeout_error_variant_exists ... ok
test cdp_client::tests::type_detects_element_not_found ... ok
test cdp_client::tests::type_escapes_both_selector_and_text ... ok
test framing::tests::parse_tools_list_request ... ok
test framing::tests::parse_initialize_request ... ok
test framing::tests::serialize_success_response ... ok
test framing::tests::serialize_error_response ... ok
test server::tests::browser_click_rejects_missing_window ... ok
test server::tests::allowlist_allows_localhost_ip_testing ... ok
test server::tests::allowlist_blocks_external_domains ... ok
test server::tests::allowlist_blocks_opencode_self_reference ... ok
test server::tests::browser_click_requires_selector ... ok
test server::tests::allowlist_allows_properly_formatted_localhost_when_no_active_routes ... ok
test server::tests::browser_click_requires_window_id ... ok
test server::tests::browser_close_removes_window ... ok
test server::tests::browser_type_rejects_missing_window ... ok
test server::tests::browser_read_url_works_with_registered_window ... ok
test server::tests::browser_type_fake_launch_mode_errors ... ok
test server::tests::browser_click_fake_launch_mode_errors ... ok
test server::tests::initialize_request ... ok
test server::tests::browser_open_rejects_non_project_host ... ok
test server::tests::browser_eval_is_disabled_in_v1 ... ok
test server::tests::browser_screenshot_rejects_missing_window ... ok
test server::tests::browser_screenshot_with_full_page_true ... ok
test server::tests::unknown_method_error_mentions_method_name ... ok
test server::tests::browser_type_requires_text ... ok
test server::tests::initialize_serverinfo_version_is_workspace_release_not_crate_static ... ok
test server::tests::browser_screenshot_fake_launch_mode_errors ... ok
test server::tests::browser_type_requires_window_id ... ok
test server::tests::prompts_list_returns_empty ... ok
test server::tests::browser_screenshot_requires_window_id ... ok
test server::tests::tools_list_returns_eight_tools ... ok
test server::tests::unknown_method_returns_error ... ok
test server::tests::browser_open_registers_and_lists_window ... ok
test server::tests::browser_open_debounces_same_host ... ok

test result: ok. 75 passed; 0 failed; 0 ignored; 0 measured; 0 filtered out; finished in 0.00s

     Running tests/allowlist_enforcement_integration.rs (target/debug/deps/allowlist_enforcement_integration-739e912c18d09421)

running 25 tests
test format_validation_blocks_opencode_self_references ... ok
test format_validation_blocks_localhost_lookalikes ... ok
test format_validation_blocks_all_external_domains ... ok
test format_validation_blocks_non_standard_ports ... ok
test allowlist_allows_both_http_and_https_for_same_host ... ok
test allowlist_allows_matching_active_route ... ok
test allowlist_blocks_unregistered_route_with_active_routes ... ok
test allowlist_allows_multiple_services_same_project ... ok
test format_validation_accepts_valid_subdomain_url ... ok
test allowlist_ignores_paths_and_query_params ... ok
test format_validation_accepts_https_with_port_8080 ... ok
test format_validation_blocks_malformed_urls ... ok
test format_validation_rejects_ipv4_loopback ... ok
test format_validation_rejects_ipv6_loopback ... ok
test format_validation_blocks_unsupported_schemes ... ok
test format_validation_rejects_bare_localhost ... ok
test format_validation_rejects_ip_literal ... ok
test format_validation_rejects_opencode_self_reference ... ok
test format_validation_rejects_non_loopback_ipv6 ... ok
test format_validation_rejects_wrong_port ... ok
test format_validation_rejects_wrong_project ... ok
test format_validation_rejects_non_loopback_ipv4 ... ok
test format_validation_rejects_userinfo ... ok
test format_validation_rejects_missing_project_label ... ok
test format_validation_respects_project_isolation ... ok

test result: ok. 25 passed; 0 failed; 0 ignored; 0 measured; 0 filtered out; finished in 0.00s

     Running tests/window_timeout_enforcement.rs (target/debug/deps/window_timeout_enforcement-499f833a3014c1e9)

running 6 tests
test test_multiple_windows_timeout_tracking ... ok
test test_window_created_not_immediately_timed_out ... ok
test test_window_timeout_constants_reasonable ... ok
test test_window_seconds_until_timeout_decreases ... ok
test test_window_touch_activity_resets_idle_counter ... ok
test test_window_tracks_creation_and_activity_times ... ok

test result: ok. 6 passed; 0 failed; 0 ignored; 0 measured; 0 filtered out; finished in 0.00s

     Running unittests src/lib.rs (target/debug/deps/tillandsias_control_wire-c4db75cf5399af95)

running 90 tests
test auth_flow::tests::test_collected_not_persisted_incident_lands_in_blocked_persist_not_idle ... ok
test auth_flow::tests::test_full_happy_path_reaches_token_verified ... ok
test auth_flow::tests::test_is_possible_persist_returns_blocked_ca_bundle_when_ca_unsatisfied ... ok
test crashloop::tests::auto_reset_backoff_doubles_between_attempts ... ok
test crashloop::tests::auto_reset_budget_clears_on_healthy_not_on_starting ... ok
test crashloop::tests::auto_reset_is_bounded_and_defers_after_cap ... ok
test crashloop::tests::auto_reset_never_fires_without_a_tripped_verdict ... ok
test crashloop::tests::events_age_out_of_window ... ok
test crashloop::tests::driven_restart_series_trips_crash_loop ... ok
test crashloop::tests::grammar_validator_rejects_malformed ... ok
test crashloop::tests::last_event_classification ... ok
test crashloop::tests::load_missing_file_is_fresh_starting ... ok
test crashloop::tests::phase_regression_truth_table ... ok
test crashloop::tests::repeated_handshake_timeouts_trip_handshake_subsystem ... ok
test crashloop::tests::sealed_vault_loop_trips_vault_unseal_subsystem ... ok
test crashloop::tests::single_relaunch_does_not_trip ... ok
test crashloop::tests::slow_but_progressing_provision_never_trips ... ok
test crashloop::tests::verdicts_render_to_pinned_grammar ... ok
test crashloop::tests::state_file_round_trip_preserves_verdict ... ok
test crashloop::tests::save_then_load_via_tempfile ... ok
test deliver_credentials_outcome_tests::every_variant_describes_itself ... ok
test deliver_credentials_outcome_tests::a_rejection_survives_the_wire_with_its_reason ... ok
test deliver_credentials_outcome_tests::the_default_is_not_an_acceptance ... ok
test guest_transport::tests::endpoint_port_accessor ... ok
test guest_transport::tests::exec_request_builders ... ok
test progress::tests::progress_event_roundtrip_every_kind ... ok
test progress::tests::merge_is_grow_only_under_reordering ... ok
test guest_transport::tests::exec_output_helpers ... ok
test secure_wire_mode::tests::on_is_accepted_case_insensitively ... ok
test secure_wire_mode::tests::only_an_explicit_off_disables_it ... ok
test secure_wire_mode::tests::every_refusal_names_the_accepted_values ... ok
test secure_wire_mode::tests::the_divergent_values_are_all_loud_errors ... ok
test deliver_credentials_outcome_tests::only_accepted_is_accepted ... ok
test progress::tests::fraction_is_defined_only_where_it_is_honest ... ok
test flow_event::tests::dependency_node_state_transitions ... ok
test flow_event::tests::bounded_capacity_lag_skip_contract ... ok
test flow_event::tests::incident_observable_collected_but_not_persisted ... ok
test tests::cap_pty_attach_v1_constant_is_stable ... ok
test tests::an_old_guest_refuses_a_subscribe_naming_progress ... ok
test tests::cloud_projects_push_empty_roundtrip ... ok
test tests::an_old_reader_refuses_progress_push_without_misdecoding ... ok
test secure_wire_mode::tests::absent_means_secure_now_that_every_reader_is_converted ... ok
test progress::tests::summary_line_is_plain_text ... ok
test secure_wire_mode::tests::empty_is_a_hard_error_not_a_silent_off ... ok
test progress::tests::progress_kind_and_unit_indices_are_pinned ... ok
test tests::cloud_projects_push_with_entries_roundtrip ... ok
test tests::control_message_kind_names_every_declared_variant ... ok
test tests::error_roundtrip ... ok
test tests::error_without_seq_in_reply_roundtrip ... ok
test tests::evict_project_roundtrip ... ok
test tests::flow_state_push_roundtrip ... ok
test tests::every_variant_discriminant_is_pinned_against_literals ... ok
test tests::github_login_status_kinds ... ok
test tests::github_login_status_reply_roundtrip ... ok
test tests::github_login_status_request_roundtrip ... ok
test tests::hello_ack_roundtrip ... ok
test tests::hello_roundtrip ... ok
test tests::issue_ack_roundtrip ... ok
test tests::issue_web_session_roundtrip ... ok
test tests::login_state_push_logged_out_roundtrip ... ok
test tests::login_state_push_roundtrip ... ok
test tests::max_message_bytes_is_64_kib ... ok
test tests::max_pty_frame_fits_under_max_message ... ok
test tests::mcp_frame_empty_roundtrip ... ok
test tests::mcp_frame_small_roundtrip ... ok
test tests::metrics_snapshot_kinds ... ok
test tests::metrics_snapshot_reply_empty_roundtrip ... ok
test tests::metrics_snapshot_reply_with_entries_roundtrip ... ok
test tests::metrics_snapshot_request_roundtrip ... ok
test tests::no_json_braces_in_postcard_payload ... ok
test tests::postcard_field_skew_is_asymmetric_and_the_old_reader_fails_silently ... ok
test tests::progress_event_roundtrip ... ok
test tests::pty_close_killed_by_signal_roundtrip ... ok
test tests::pty_close_normal_exit_roundtrip ... ok
test tests::pty_data_empty_roundtrip ... ok
test tests::pty_open_roundtrip ... ok
test tests::pty_resize_roundtrip ... ok
test tests::subscribe_roundtrip ... ok
test tests::subscription_topics_adds_progress_only_on_the_capability ... ok
test tests::unknown_future_variant_is_a_decode_error_not_a_silent_skip ... ok
test tests::subscribe_ack_roundtrip ... ok
test tests::vm_status_push_roundtrip ... ok
test tests::wire_version_constant_is_four ... ok
test transport::tests::codec_framing_is_byte_identical_to_hand_rolled ... ok
test transport::tests::codec_refuses_u32_max_length_prefix_without_allocating ... ok
test transport::tests::codec_bound_is_max_message_bytes_inclusive_both_directions ... ok
test transport::tests::vsock_listener_unsupported_on_non_linux ... ok
test transport::tests::unix_roundtrip_via_transport_module ... ok
test tests::pty_data_full_chunk_roundtrip ... ok
test tests::mcp_frame_large_roundtrip ... ok

test result: ok. 90 passed; 0 failed; 0 ignored; 0 measured; 0 filtered out; finished in 0.03s

     Running unittests src/lib.rs (target/debug/deps/tillandsias_core-07006f2d9b1e0941)

running 217 tests
test ca_path::expansion_tests::expansion_leaves_no_placeholder ... ok
test ca_path::root_composition_tests::template_composes_the_ca_leaf ... ok
test ca_path::root_composition_tests::manifest_declares_the_root_not_the_leaf ... ok
test ca_path::root_composition_tests::the_ca_path_is_byte_identical_to_the_pre_split_value ... ok
test cache_root::tests::adoption_equal_paths_is_a_no_op ... ok
test cache_root::tests::xdg_wins_home_falls_back_temp_is_last ... ok
test ca_path::tests::manifest_declares_exactly_one_path ... ok
test cache_root::tests::adoption_moves_a_lone_legacy_and_keeps_it_on_failure_paths ... ok
test cache_validation::tests::test_compute_file_checksum ... ok
test cache_validation::tests::test_cache_state_no_corrupted_files ... ok
test cache_validation::tests::test_cache_state_detect_corrupted_files ... ok
test ca_path::tests::ca_dir_is_absolute_and_unslashed ... ok
test cache_validation::tests::test_cache_state_with_checksums_validate_all_files ... ok
test cache_validation::tests::test_validate_cache_file_missing ... ok
test config::tests::compute_hot_budget_clamps_at_ceiling_hot_path_max_mb ... ok
test config::tests::compute_hot_budget_honours_custom_inflation_and_max ... ok
test config::tests::compute_hot_budget_inflates_pack_size_by_default_factor ... ok
test config::tests::compute_hot_budget_returns_floor_for_empty_mirror ... ok
test config::tests::external_logs_dir_points_to_state_sibling ... ok
test cache_validation::tests::test_compute_file_checksum_consistency ... ok
test config::tests::external_logs_role_dir_appends_role ... ok
test config::tests::load_missing_config_returns_defaults ... ok
test config::tests::load_toml_config ... ok
test cache_validation::tests::test_validation_result_is_corrupted ... ok
test config::tests::agent_profile_auto_load_from_config ... ok
test config::tests::agent_config_default_is_opencode_web ... ok
test config::tests::forge_config_defaults_round_trip_through_toml ... ok
test config::tests::selected_agent_as_env_str ... ok
test config::tests::repo_size_ignores_human_readable_output ... ok
test config::tests::selected_agent_default_is_opencode_web ... ok
test config::tests::merge_project_cannot_weaken_security ... ok
test config::tests::default_config_values ... ok
test config::tests::merge_project_overrides_image ... ok
test config::tests::merge_uses_global_defaults ... ok
test cache_validation::tests::test_validate_cache_file_corrupted ... ok
test container_profile::tests::common_forge_mounts_include_tray_socket_mount ... ok
test container_profile::tests::forge_claude_has_no_secrets ... ok
test container_profile::tests::forge_containers_are_not_read_only ... ok
test container_profile::tests::forge_opencode_has_no_secrets ... ok
test config::tests::parse_port_range_valid ... ok
test config::tests::parse_size_pack_kb_extracts_value_from_canonical_output ... ok
test config::tests::parse_port_range_invalid ... ok
test config::tests::parse_size_pack_kb_returns_zero_on_missing_or_unparseable_field ... ok
test cache_validation::tests::test_validate_cache_file_valid ... ok
test config::tests::selected_agent_display_name ... ok
test config::tests::selected_agent_from_str_opt ... ok
test config::tests::selected_agent_is_web ... ok
test config::tests::repo_size_counts_loose_objects_and_packs ... ok
test config::tests::selected_agent_serde_roundtrip ... ok
test config::tests::verbose_config_contains_comments ... ok
test container_profile::tests::all_profiles_have_container_logs_mount ... ok
test container_profile::tests::all_profiles_have_pids_limit ... ok
test config::tests::verbose_config_roundtrips ... ok
test container_profile::tests::forge_profiles_have_config_overlay_mount ... ok
test container_profile::tests::forge_profiles_have_eighteen_env_vars ... ok
test container_profile::tests::forge_profiles_have_tools_overlay_mount ... ok
test forge_budget::tests::swap_is_never_expressed_through_memory_swap ... ok
test container_profile::tests::read_only_containers_have_tmpfs_mounts ... ok
test container_profile::tests::git_service_has_github_token_and_log_mount ... ok
test container_profile::tests::inference_has_proxy_env_vars_no_secrets_with_log_mount ... ok
test container_profile::tests::pids_limits_match_container_roles ... ok
test container_profile::tests::proxy_has_no_secrets_no_env_vars ... ok
test container_profile::tests::proxy_is_not_read_only ... ok
test container_profile::tests::service_containers_are_read_only ... ok
test container_profile::tests::terminal_has_no_secrets ... ok
test container_profile::tests::terminal_has_seventeen_env_vars ... ok
test container_profile::tests::tools_overlay_expected_paths ... ok
test container_profile::tests::web_has_readonly_mount_and_logs ... ok
test forge_budget::tests::a_small_guest_keeps_a_quarter_of_its_ram ... ok
test forge_budget::tests::meminfo_parses ... ok
test forge_budget::tests::pids_clamp ... ok
test forge_budget::tests::the_budget_holds_the_measured_anon_peaks ... ok
test forge_budget::tests::tiers_follow_the_design_table ... ok
test format::tests::test_human_bytes_b ... ok
test format::tests::test_human_bytes_gb ... ok
test format::tests::test_human_bytes_kb ... ok
test format::tests::test_human_bytes_mb ... ok
test genus::tests::allocator_no_duplicate_for_same_project ... ok
test genus::tests::allocator_pool_exhaustion ... ok
test genus::tests::allocator_release_and_reuse ... ok
test genus::tests::allocator_round_robin ... ok
test genus::tests::flower_no_gaps ... ok
test genus::tests::flower_unique_per_genus ... ok
test genus::tests::has_dedicated_icons_correct ... ok
test genus::tests::lifecycle_mapping ... ok
test genus::tests::icon_loader_all_combinations ... ok
test genus::tests::new_genera_fall_back_to_ionantha_svg ... ok
test genus::tests::original_genera_have_dedicated_icons ... ok
test genus::tests::pool_size_is_24 ... ok
test genus::tests::slug_roundtrip ... ok
test guest_bin_path::tests::guest_mount_and_binary_path_agree ... ok
test genus::tests::slug_unique_per_genus ... ok
test icons::tests::all_32_icon_png_combinations_valid ... ok
test icons::tests::all_32_window_icon_png_combinations_valid ... ok
test icons::tests::all_five_tray_icon_states_valid ... ok
test guest_bin_path::tests::staging_is_off_home_src ... ok
test icons::tests::tray_icon_blooming_is_valid_png ... ok
test icons::tests::tray_icon_building_is_valid_png ... ok
test icons::tests::tray_icon_dried_is_valid_png ... ok
test icons::tests::tray_icon_mature_is_valid_png ... ok
test icons::tests::tray_icon_pup_is_valid_png ... ok
test image_builder::tests::image_build_paths_rejects_unknown_image_type_with_named_error ... ok
test image_builder::tests::image_build_paths_routes_each_known_type_to_its_containerfile ... ok
test image_builder::tests::test_podman_capture_records_calls ... ok
test image_builder::tests::build_decision_uses_oci_identity_without_external_state ... ok
test preflight::tests::check_host_ram_does_not_panic_on_max_required ... ok
test image_builder::tests::build_routing_uses_type_specific_containerfiles ... ok
test ca_path::expansion_tests::rust_and_shell_expand_to_the_same_path ... ok
test image_builder::tests::image_digest_and_label_include_the_layer_policy ... ok
test preflight::tests::check_host_ram_returns_ok_when_available_meets_threshold ... ok
test preflight::tests::check_host_ram_handles_zero_required ... ok
test preflight::tests::check_host_ram_refuses_when_available_below_threshold ... ok
test image_builder::tests::version_changes_aliases_without_changing_canonical_identity ... ok
test preflight::tests::compute_memory_ceiling_returns_baseline_for_empty_profile ... ok
test image_builder::tests::image_digest_is_checkout_root_independent_and_deterministic ... ok
test image_builder::tests::image_digest_changes_for_content_path_and_generated_inputs ... ok
test image_builder::tests::image_digest_includes_build_args_and_dependency_digests ... ok
test preflight::tests::check_host_ram_uses_ceil_for_threshold ... ok
test preflight::tests::compute_memory_ceiling_saturates_on_overflow ... ok
test image_builder::tests::chromium_framework_keeps_squash_options_and_the_real_core_image_argument ... ok
test preflight::tests::compute_memory_ceiling_returns_sum_plus_256_baseline ... ok
test preflight::tests::parse_mem_total_mb_returns_none_on_missing_or_unparseable ... ok
test preflight::tests::preflight_error_display_includes_all_three_values ... ok
test preflight::tests::parse_tmpfs_size_mb_extracts_from_canonical_forge_format ... ok
test image_builder::tests::image_digest_changes_for_mode_and_symlink_target ... ok
test preflight::tests::parse_tmpfs_size_mb_returns_none_on_missing_or_malformed ... ok
test preflight::tests::parse_mem_total_mb_extracts_value_from_canonical_meminfo ... ok
test preflight::tests::parse_mem_available_mb_returns_none_on_missing_or_unparseable ... ok
test preflight::tests::parse_mem_available_mb_extracts_value_from_canonical_meminfo ... ok
test image_builder::tests::test_podman_direct_prepares_correct_call ... ok
test preflight::tests::resolve_pull_cache_ram_mb_picks_tier_from_mem_total ... ok
test preflight::tests::resolve_pull_cache_ram_mb_user_override_wins_at_any_tier ... ok
test reset_state::tests::only_zero_suppresses ... ok
test reset_state::tests::shared_lines_are_greppable_and_name_the_variable ... ok
test reset_state::tests::unset_means_reset_proceeds ... ok
test secrets::tests::test_token_metadata_clone ... ok
test secrets::tests::test_token_refresh_config_defaults ... ok
test secrets::tests::test_token_refresh_error_display ... ok
test singleton::tests::acquire_times_out_instead_of_blocking_forever ... ok
test singleton::tests::try_acquire_returns_none_when_lock_is_busy ... ok
test state::tests::browser_window_registry_get_active_windows_by_project ... ok
test state::tests::browser_window_registry_get_active_windows_by_project_after_unregister ... ok
test state::tests::browser_window_registry_get_active_windows_by_project_empty ... ok
test state::tests::browser_window_registry_get_all_windows ... ok
test state::tests::browser_window_registry_heartbeat_nonexistent ... ok
test state::tests::browser_window_registry_mutation_hook_on_register ... ok
test state::tests::browser_window_registry_register_duplicate_fails ... ok
test state::tests::browser_window_registry_register_with_empty_container_fails ... ok
test state::tests::browser_window_registry_unregister_with_empty_id_fails ... ok
test state::tests::browser_window_registry_unregister ... ok
test state::tests::browser_window_registry_update_status_nonexistent ... ok
test state::tests::browser_window_registry_mutation_hook_on_unregister ... ok
test state::tests::compute_icon_state_returns_blooming_for_recent_completion ... ok
test state::tests::compute_icon_state_returns_building_when_build_in_progress ... ok
test state::tests::browser_window_registry_register_and_get ... ok
test state::tests::browser_window_registry_concurrent_operations ... ok
test state::tests::compute_icon_state_returns_dried_when_podman_missing ... ok
test state::tests::container_name_format ... ok
test state::tests::forge_container_name_format ... ok
test state::tests::compute_icon_state_returns_mature_when_idle ... ok
test state::tests::git_service_container_name_format ... ok
test state::tests::lifecycle_state_as_str ... ok
test state::tests::lifecycle_state_invalid_transition_initializing_directly_to_idle ... ok
test state::tests::lifecycle_state_valid_transition_any_to_error ... ok
test state::tests::lifecycle_state_invalid_transition_running_to_initializing ... ok
test state::tests::browser_window_registry_unregister_nonexistent ... ok
test state::tests::browser_window_registry_register_with_empty_id_fails ... ok
test state::tests::browser_window_registry_mutation_hook_concurrent_calls ... ok
test state::tests::browser_window_registry_update_status ... ok
test state::tests::lifecycle_state_valid_transition_idle_to_initializing ... ok
test state::tests::lifecycle_state_valid_transition_initializing_to_running ... ok
test state::tests::lifecycle_state_valid_transition_running_to_stopping ... ok
test state::tests::lifecycle_state_valid_transition_stopping_to_idle ... ok
test state::tests::parse_container_name_hyphenated_genus ... ok
test state::tests::parse_container_name_invalid ... ok
test state::tests::parse_container_name_simple ... ok
test state::tests::parse_forge_container_name_hyphenated_project ... ok
test state::tests::parse_forge_container_name_rejects_genus ... ok
test state::tests::parse_forge_container_name_rejects_web ... ok
test state::tests::parse_forge_container_name_valid ... ok
test state::tests::parse_git_service_container_name_hyphenated ... ok
test state::tests::parse_git_service_container_name_invalid ... ok
test state::tests::parse_git_service_container_name_valid ... ok
test state::tests::browser_window_registry_rapid_attach_detach_20_cycles ... ok
test state::tests::parse_web_container_name_invalid ... ok
test state::tests::parse_web_container_name_hyphenated_project ... ok
test state::tests::parse_web_container_name_not_confused_with_genus_web ... ok
test state::tests::parse_web_container_name_valid ... ok
test state::tests::postcard_roundtrip_container_info ... ok
test state::tests::tray_state_can_start_project ... ok
test state::tests::tray_state_initializes_browser_window_registry ... ok
test state::tests::tray_state_is_ready_for_user_action ... ok
test state::tests::tray_state_is_shutting_down ... ok
test state::tests::tray_state_new_starts_with_pup_icon ... ok
test state::tests::tray_state_transitions_lifecycle ... ok
test state::tests::web_container_name_format ... ok
test tools::tests::allocator_no_duplicate_for_same_project ... ok
test tools::tests::allocator_release_and_reuse ... ok
test tools::tests::allocator_pool_exhaustion ... ok
test tools::tests::allocator_round_robin ... ok
test tools::tests::pool_size_is_16 ... ok
test tools::tests::tool_emoji_wraps ... ok
test tools::tests::tool_emojis_are_unique ... ok
test version_guard::tests::an_empty_enclave_proceeds ... ok
test version_guard::tests::an_unparseable_app_version_yields_no_verdict ... ok
test version_guard::tests::build_counter_compares_numerically_not_lexically ... ok
test version_guard::tests::equal_versions_proceed ... ok
test version_guard::tests::newer_app_over_older_images_proceeds ... ok
test version_guard::tests::newer_images_are_refused ... ok
test version_guard::tests::parses_with_and_without_the_v_prefix ... ok
test version_guard::tests::refuses_to_parse_anything_that_is_not_four_numbers ... ok
test version_guard::tests::the_newest_image_decides_not_the_first_seen ... ok
test version_guard::tests::the_override_converts_a_refusal_into_a_forced_proceed ... ok
test version_guard::tests::unparseable_tags_are_ignored_but_do_not_mask_a_real_one ... ok
test wsl::tests::both_constructors_carry_wsl_utf8 ... ok
test wsl::tests::constructors_do_not_impose_a_window_policy ... ok
test state::tests::browser_window_registry_heartbeat ... ok

test result: ok. 217 passed; 0 failed; 0 ignored; 0 measured; 0 filtered out; finished in 0.01s

     Running unittests src/bin/build-image.rs (target/debug/deps/build_image-e8a9a63d75d4b06d)

running 0 tests

test result: ok. 0 passed; 0 failed; 0 ignored; 0 measured; 0 filtered out; finished in 0.00s

     Running tests/cache_corruption_recovery.rs (target/debug/deps/cache_corruption_recovery-ba24ddaef08cc006)

running 9 tests
test test_cache_checksum_different_for_different_content ... ok
test test_cache_recovery_scenario_single_corrupted_file ... ok
test test_detect_missing_cache_file ... ok
test test_cache_recovery_end_to_end ... ok
test test_detect_corrupted_cache_file ... ok
test test_cache_checksum_same_for_identical_content ... ok
test test_cache_validation_result_display ... ok
test test_detect_valid_cache_file ... ok
test test_cache_state_with_checksums_detects_corruption ... ok

test result: ok. 9 passed; 0 failed; 0 ignored; 0 measured; 0 filtered out; finished in 0.00s

     Running tests/credential_probe_never_erases.rs (target/debug/deps/credential_probe_never_erases-8618658231baf33f)

running 2 tests
test premise_a_refused_push_through_the_real_chain_erases_the_store ... ok
test the_guards_refused_probe_leaves_the_store_byte_identical ... ok

test result: ok. 2 passed; 0 failed; 0 ignored; 0 measured; 0 filtered out; finished in 0.05s

     Running tests/forge_shell_tools.rs (target/debug/deps/forge_shell_tools-df7709dd32471722)

running 7 tests
test cache_discipline_mentions_cache_report ... ok
test forge_shell_tools_trace_present ... ok
test mcp_git_tools_lists_new_tools ... ok
test fish_config_uses_native_helpers ... ok
test shell_helpers_help_lists_shortcuts ... ok
test shell_helpers_defines_tgs_tgp_and_cache_report ... ok
test shell_helpers_reads_cache_constants ... ok

test result: ok. 7 passed; 0 failed; 0 ignored; 0 measured; 0 filtered out; finished in 0.00s

     Running tests/gh_auth_deploy_key.rs (target/debug/deps/gh_auth_deploy_key-7b28d74b87da4a31)

running 5 tests
test generate_repo_key_traces_secrets_specs ... ok
test github_credential_tools_documents_deploy_key_flow ... ok
test deploy_mode_rejects_unknown_mode ... ok
test deploy_mode_dry_run_is_noop ... ok
test deploy_mode_generates_key_and_writes_config ... ok

test result: ok. 5 passed; 0 failed; 0 ignored; 0 measured; 0 filtered out; finished in 0.02s

     Running tests/project_discovery.rs (target/debug/deps/project_discovery-020b71796f9b7df4)

running 13 tests
test test_detect_node_project ... ok
test test_cold_start_discovery ... ok
test test_detect_python_project ... ok
test test_detect_polyglot_project ... ok
test integration::test_multi_project_discovery ... ok
test test_detection_independence ... ok
test integration::test_full_discovery_workflow ... ok
test integration::test_sibling_project_discovery ... ok
test test_detect_rust_project ... ok
test test_env_export_idempotent ... ok
test test_extract_readme_description ... ok
test test_project_env_export ... ok
test test_detect_tillandsias_managed ... ok

test result: ok. 13 passed; 0 failed; 0 ignored; 0 measured; 0 filtered out; finished in 0.00s

     Running unittests src/lib.rs (target/debug/deps/tillandsias_exec-799adc8537b2e1d9)

running 4 tests
test managed::tests::completion_only_capture_is_bounded_without_line_queue_backpressure ... ok
test managed::tests::completion_only_accepts_newline_free_payload_beyond_stream_line_bound ... ok
test managed::tests::silent_spawn_keeps_no_event_legacy_semantics ... ok
test managed::tests::full_streaming_keeps_unterminated_line_limit ... ok

test result: ok. 4 passed; 0 failed; 0 ignored; 0 measured; 0 filtered out; finished in 0.02s

     Running tests/capture_bound.rs (target/debug/deps/capture_bound-c3c3d9fb9653d578)

running 4 tests
test a_capture_under_the_cap_is_whole ... ok
test the_default_cap_leaves_ordinary_output_whole ... ok
test a_capture_past_the_cap_is_kept_to_the_cap_and_reported ... ok
test both_fds_keep_draining_past_the_cap_without_deadlock ... ok

test result: ok. 4 passed; 0 failed; 0 ignored; 0 measured; 0 filtered out; finished in 0.02s

     Running tests/executor_contract.rs (target/debug/deps/executor_contract-b19f3e7d05af22ba)

running 12 tests
test empty_argv_is_refused ... ok
test dual_stream_megabyte_each_completes ... ok
test one_argv_entry_arrives_unaltered ... ok
test two_runs_have_distinct_run_identities ... ok
test stderr_survives_when_only_stdout_is_read ... ok
test a_sigpipe_killed_producer_keeps_its_own_status ... ok
test managed_unterminated_line_has_an_explicit_bound ... ok
test managed_stream_is_live_ordered_byte_exact_and_capture_bounded ... ok
test managed_launch_close_race_keeps_every_accepted_child_owned ... ok
test managed_cancel_reaps_when_delivery_or_stdin_is_blocked ... ok
test timeout_on_a_sigterm_ignoring_child_reports_killed ... ok
test sigpipe_inversion_does_not_occur_through_the_executor ... ok

test result: ok. 12 passed; 0 failed; 0 ignored; 0 measured; 0 filtered out; finished in 1.15s

     Running tests/group_exit.rs (target/debug/deps/group_exit-e80c3c13d50cb389)

running 3 tests
test a_grandchild_holding_stdout_does_not_turn_success_into_a_timeout ... ok
test the_leaders_status_is_reported_after_the_reap ... ok
test a_detached_grandchild_does_not_outlive_the_run ... ok

test result: ok. 3 passed; 0 failed; 0 ignored; 0 measured; 0 filtered out; finished in 0.08s

     Running tests/group_kill.rs (target/debug/deps/group_kill-0d1d98a0650a5393)

running 2 tests
test a_grouped_deadline_kills_the_grandchild ... ok
test control_an_ungrouped_deadline_leaves_the_grandchild_running ... ok

test result: ok. 2 passed; 0 failed; 0 ignored; 0 measured; 0 filtered out; finished in 8.51s

     Running tests/verbs.rs (target/debug/deps/verbs-d14f56cc735a60a4)

running 7 tests
test spawn_reports_still_running_then_reaps ... ok
test stdin_bytes_reach_the_child ... ok
test spawned_children_have_distinct_identities ... ok
test a_child_that_ignores_stdin_is_not_an_error ... ok
test a_failing_early_stage_is_visible_and_named ... ok
test pipeline_feeds_each_stage ... ok
test stdin_and_both_outputs_do_not_deadlock ... ok

test result: ok. 7 passed; 0 failed; 0 ignored; 0 measured; 0 filtered out; finished in 0.01s

     Running unittests src/main.rs (target/debug/deps/tillandsias-c67d3476a49cc4de)

running 778 tests
test accel_probe::inference_container_resolution_tests::candidates_include_both_the_product_and_dev_lane_containers ... ok
test accel_probe::inference_container_resolution_tests::blank_is_not_an_override_and_falls_through_to_the_candidates ... ok
test accel_probe::inference_container_resolution_tests::an_explicit_name_is_honoured_as_given ... ok
test accel_probe::tests::a_container_only_npu_engine_does_not_drive_a_host_native_npu ... ok
test accel_probe::tests::a_device_not_ok_npu_stays_unusable_with_its_health_reason ... ok
test accel_probe::tests::a_container_only_engine_does_not_qualify_a_device_for_the_host_native_lane ... ok
test accel_probe::tests::a_declared_placeholder_is_refused_however_plausible_the_name ... ok
test accel_probe::tests::a_host_native_accelerator_is_invisible_to_the_container_question_and_not_to_its_own ... ok
test accel_probe::tests::a_device_with_no_evidence_refuses_rather_than_guessing ... ok
test accel_probe::tests::a_classified_device_reaches_the_envelope_and_the_budget_stays_singular ... ok
test accel_probe::tests::a_labelled_measurement_round_trips ... ok
test accel_probe::tests::a_document_written_before_this_order_reads_unknown_not_measured ... ok
test accel_probe::tests::a_lane_without_an_engine_is_not_a_routing_target ... ok
test accel_probe::tests::a_partially_visible_vram_is_discrete_even_behind_a_small_aperture ... ok
test accel_probe::tests::a_non_rebar_discrete_card_lands_on_undetermined_not_unified ... ok
test accel_probe::tests::a_pre_schema3_document_reads_unknown_side_never_a_default ... ok
test accel_probe::tests::a_present_but_unschedulable_discrete_card_deprioritises_nothing ... ok
test accel_probe::tests::a_present_loader_and_icd_is_not_reported_as_a_missing_engine ... ok
test accel_probe::tests::a_proven_container_node_reaches_the_device_record ... ok
test accel_probe::tests::a_recognised_engine_is_named_and_an_unrecognised_one_keeps_its_own_slug ... ok
test accel_probe::tests::a_same_side_device_the_probe_cannot_look_for_is_unknown_not_unobservable ... ok
test accel_probe::tests::a_software_rasterizer_never_satisfies_the_gpu_check ... ok
test accel_probe::tests::a_small_models_decode_is_not_sent_to_the_igpu ... ok
test accel_probe::tests::a_software_rasterizer_cannot_satisfy_the_gpu_check ... ok
test accel_probe::tests::a_vulkan_vendor_id_does_not_fit_a_pci_id_and_must_not_be_parsed_as_one ... ok
test accel_probe::tests::a_wsl2_row_cannot_yet_say_its_machine_is_windows ... ok
test accel_probe::tests::a_wsl2_paravirtual_gpu_renders_as_present_unusable_never_as_none ... ok
test accel_probe::tests::a_unified_node_publishes_one_budget_and_declares_itself_unified ... ok
test accel_probe::tests::a_served_document_says_served_and_keeps_the_original_timestamp ... ok
test accel_probe::tests::envelope_refuses_to_call_a_gpu_usable_when_only_the_host_lane_is_open ... ok
test accel_probe::tests::a_v1_document_without_host_identity_is_refused ... ok
test accel_probe::tests::a_sysfs_enumeration_claims_only_the_enumerated_rung ... ok
test accel_probe::tests::a_record_carries_the_vantage_it_was_observed_from ... ok
test accel_probe::tests::envelope_reports_the_mobile_npu_tier_and_the_hybrid_tier ... ok
test accel_probe::tests::envelope_on_a_bare_cpu_host_is_cpu_only_with_no_phantom_devices ... ok
test accel_probe::tests::absent_accelerators_read_unknown_where_the_probe_cannot_look ... ok
test accel_probe::tests::envelope_reports_workstation_gpu_when_the_container_lane_is_open ... ok
test accel_probe::tests::an_accelerator_across_a_boundary_is_unobservable_never_none ... ok
test accel_probe::tests::envelope_stays_one_parsable_line_even_with_hostile_device_names ... ok
test accel_probe::tests::fingerprint_separates_the_hosts_the_fleet_called_twins ... ok
test accel_probe::tests::hardware_fingerprint_ignores_substrate_and_separates_real_hardware ... ok
test accel_probe::tests::comparison_refuses_cross_vantage_and_carries_no_verdict ... ok
test accel_probe::tests::cdi_deliverable_requires_a_device_node_not_merely_the_kind ... ok
test accel_probe::tests::disagreeing_loci_resolve_to_the_most_conservative_threshold ... ok
test accel_probe::tests::embed_never_reaches_the_gpu_even_on_a_host_whose_memory_model_is_unknown ... ok
test accel_probe::tests::nobody_enumerated_and_enumerated_nothing_are_different_answers ... ok
test accel_probe::tests::an_unproven_container_lane_stays_unproven ... ok
test accel_probe::tests::cache_path_never_resolves_into_the_working_directory ... ok
test accel_probe::tests::host_kind_uses_the_ledgers_vocabulary ... ok
test accel_probe::tests::placeholder_document_is_refused_rather_than_hashed ... ok
test accel_probe::tests::promotion_clears_only_the_reason_it_answers ... ok
test accel_probe::tests::reachable_from_a_listing_obeys_the_same_rules_as_the_filesystem_stat ... ok
test accel_probe::tests::reachable_promotes_and_enumerated_does_not ... ok
test accel_probe::tests::an_unreadable_node_is_skipped_rather_than_reported_as_vendor_zero ... ok
test accel_probe::tests::closure_808_43mw_documents_are_machine_distinguishable_by_host_and_locus ... ok
test accel_probe::tests::igpu_beside_a_schedulable_discrete_card_is_policy_unscheduled ... ok
test accel_probe::tests::side_evidence_needs_both_signals_and_container_wins_the_innermost ... ok
test accel_probe::tests::reachable_upgrades_only_from_container_vantage_and_only_when_the_node_exists ... ok
test accel_probe::tests::kernel_release_does_not_distinguish_two_wsl2_hosts ... ok
test accel_probe::tests::same_machine_across_substrates_does_not_yet_fingerprint_alike ... ok
test accel_probe::tests::no_gpu_a_driverless_gpu_and_a_far_side_gpu_are_three_answers ... ok
test accel_probe::tests::live_enumeration_is_self_consistent_on_whatever_host_this_is ... ok
test accel_probe::tests::residency_reports_unknown_and_zero_as_different_answers ... ok
test accel_probe::tests::node_names_are_shortened_and_lowercased ... ok
test accel_probe::tests::npu_with_an_npu_capable_engine_is_usable ... ok
test accel_probe::tests::npu_without_an_npu_engine_is_engine_missing_by_derivation ... ok
test accel_probe::tests::nvidia_model_name_drops_the_index_prefix_and_the_hardware_uuid ... ok
test accel_probe::tests::only_placement_proves_a_lane_reachable_is_not_enough ... ok
test accel_probe::tests::pci_ids_parse_with_and_without_the_prefix_and_reject_garbage ... ok
test accel_probe::tests::placed_upgrades_only_on_unambiguous_attribution ... ok
test accel_probe::tests::no_npu_hardware_reads_none_even_with_an_npu_engine ... ok
test accel_probe::tests::test_amd_gpu_disposition_fails_closed_without_rocm_runtime ... ok
test accel_probe::tests::test_containerized_engine_is_container_lane_only_and_never_shadows_host_ollama ... ok
test accel_probe::tests::test_enumerate_engines_detects_ollama_and_llama_server ... ok
test accel_probe::tests::test_enumerate_engines_empty_when_no_engine_available ... ok
test accel_probe::tests::test_intel_gpu_disposition_fails_closed_without_a_compute_runtime ... ok
test accel_probe::tests::test_npu_vendor_resolution ... ok
test accel_probe::tests::test_intel_igpu_with_only_a_render_node_is_not_a_workstation_gpu ... ok
test accel_probe::tests::the_bar_parser_ignores_register_windows_and_empty_bars ... ok
test accel_probe::tests::the_container_transport_parses_and_claims_only_the_enumerated_rung ... ok
test accel_probe::tests::the_container_transport_skips_rows_it_cannot_identify ... ok
test accel_probe::tests::enumeration_represents_two_gpus_where_file_existence_cannot ... ok
test accel_probe::tests::the_cpu_floor_holds_in_every_locus_and_every_reason_names_its_lane ... ok
test accel_probe::tests::the_cpu_is_the_floor_for_every_phase_and_no_accelerator_is_ever_required ... ok
test accel_probe::tests::the_crossover_never_pairs_a_cpu_row_with_a_gpu_row_from_another_locus ... ok
test accel_probe::tests::the_envelope_carries_the_highest_produced_rung ... ok
test accel_probe::tests::the_envelope_distinguishes_no_gpu_from_unreachable_from_undecided ... ok
test accel_probe::tests::the_input_overrides_the_derived_name_and_is_normalised ... ok
test accel_probe::tests::the_crossover_follows_the_measurements_and_is_never_a_constant ... ok
test accel_probe::tests::the_envelope_states_the_policy_and_publishes_the_threshold ... ok
test accel_probe::tests::the_two_gpus_in_this_machine_classify_from_real_sysfs_values ... ok
test accel_probe::tests::the_producer_actually_emits_reachable_and_placed ... ok
test accel_probe::tests::the_wsl2_unusable_reason_names_the_missing_engine_not_the_missing_render_node ... ok
test accel_probe::tests::wsl2_paravirtual_gpu_fires_only_on_the_unambiguous_wsl2_shape ... ok
test accel_probe::tests::todays_bench_payload_still_deserializes ... ok
test accel_probe::tests::the_stored_document_claims_neither_measured_nor_served ... ok
test agent_result::tests::a_failure_anywhere_beats_an_earlier_success_event ... ok
test agent_result::tests::codex_error_event_is_failure ... ok
test agent_result::tests::codex_turn_failed_is_failure_with_reason ... ok
test agent_result::tests::delegated_result_capture_overflow_never_succeeds_or_hides_nonzero ... ok
test accel_probe::tests::the_macos_arm_cannot_advertise_the_container_lane ... ok
test agent_result::tests::delegated_result_codex_nested_agent_message_is_returned ... ok
test agent_result::tests::delegated_result_opencode_tool_calls_only_is_indeterminate ... ok
test agent_result::tests::delegated_result_opencode_error_then_finish_is_sticky_failure ... ok
test agent_result::tests::delegated_result_unknown_or_missing_opencode_reason_is_not_terminal ... ok
test agent_result::tests::delegated_result_opencode_tool_calls_then_stop_succeeds ... ok
test agent_result::tests::empty_transcript_is_indeterminate_not_success ... ok
test agent_result::tests::summaries_flag_non_success_loudly ... ok
test agent_result::tests::timeout_is_never_success_and_reports_the_deadline ... ok
test agent_result::tests::interleaved_log_noise_does_not_break_classification ... ok
test agent_result::tests::zero_exit_alone_does_not_manufacture_success ... ok
test agent_result::tests::whitespace_and_noise_only_is_indeterminate ... ok
test bringup_progress::tests::counter_advances_and_saturates_rather_than_overrunning ... ok
test agent_result::tests::missing_exit_status_is_indeterminate ... ok
test bringup_progress::tests::disabled_still_advances_the_counter ... ok
test agent_result::tests::nonzero_exit_overrides_a_success_looking_transcript ... ok
test bringup_progress::tests::line_matches_the_approved_template ... ok
test agent_result::tests::started_but_truncated_is_indeterminate_not_success ... ok
test bringup_progress::tests::zero_total_degrades_to_one_not_to_nonsense ... ok
test accel_probe::tests::wsl2_vulkan_facts_read_the_icd_directories_the_loader_reads ... ok
test cloudflare_login::tests::cloudflare_login_binary_qr_capture_is_only_the_authorize_url ... ignored, reads a capture made by scripts/test-cloudflare-login.sh
test catalog::tests::test_catalog_resolve_failure_tag_drift ... ok
test catalog::tests::test_catalog_resolve_success ... ok
test cloudflare_login::tests::cloudflare_login_fake_deny_writes_nothing ... ignored, drives tillandsias-fake-cloudflare; run via scripts/test-cloudflare-login.sh
test cloudflare_login::tests::cloudflare_login_default_receiver_order ... ok
test cloudflare_login::tests::cloudflare_login_fake_litmus_stops_before_exchange ... ignored, drives tillandsias-fake-cloudflare; run via scripts/test-cloudflare-login.sh
test cloudflare_login::tests::cloudflare_login_fake_loopback_approve_stores ... ignored, drives tillandsias-fake-cloudflare; run via scripts/test-cloudflare-login.sh
test cloudflare_login::tests::cloudflare_login_fake_paste_stores ... ignored, drives tillandsias-fake-cloudflare; run via scripts/test-cloudflare-login.sh
test cloudflare_login::tests::cloudflare_login_fake_qr_relay_poll_stores_and_qr_is_only_the_url ... ignored, drives tillandsias-fake-cloudflare; run via scripts/test-cloudflare-login.sh
test cloudflare_login::tests::cloudflare_login_fake_state_mismatch_makes_no_exchange ... ignored, drives tillandsias-fake-cloudflare; run via scripts/test-cloudflare-login.sh
test cloudflare_login::tests::cloudflare_login_and_logout_refuse_in_a_forge_without_touching_anything ... ok
test bringup_progress::tests::no_internals_vocabulary_in_any_emitted_line ... ok
test cloudflare_login::tests::cloudflare_login_loopback_binds_127_0_0_1_on_registered_ports_only ... ok
test cloudflare_login::tests::cloudflare_login_parse_args ... ok
test cloudflare_login::tests::cloudflare_login_paste_without_a_terminal_is_refused_before_any_network_call ... ok
test cloudflare_login::tests::cloudflare_login_paste_needs_the_state_with_the_code ... ok
test cloudflare_login::tests::cloudflare_login_refusals_carry_why_and_remedy_and_fixed_words ... ok
test accel_probe::tests::the_probe_always_yields_a_foldable_key ... ok
test cloudflare_login::tests::cloudflare_login_relay_url_must_be_https_without_query ... ok
test cloudflare_login::tests::cloudflare_login_exchange_refusal_carries_no_response_bytes ... ok
test cloudflare_login::tests::cloudflare_logout_fake_deletes_pair_keeps_mesh ... ignored, drives tillandsias-fake-cloudflare; run via scripts/test-cloudflare-login.sh
test cloudflare_login::tests::cloudflare_login_state_is_checked_before_error_and_code ... ok
test cloudflare_names::tests::app_name_is_the_operator_entered_literal ... ok
test cloudflare_login::tests::cloudflare_logout_refuses_when_vault_is_unreadable ... ok
test cloudflare_names::tests::display_is_not_a_label_see_compile_fail_doctest_on_normalize_display ... ok
test cloudflare_names::tests::network_name_is_tillandsias_enclave_vpn ... ok
test cloudflare_names::tests::network_name_widens_to_display ... ok
test cloudflare_names::tests::normalize_display_refuses_empty_input ... ok
test cloudflare_names::tests::normalize_label_refuses_empty_input ... ok
test cloudflare_names::tests::normalize_display_shares_the_label_alphabet_but_a_longer_ceiling ... ok
test cloudflare_login::tests::cloudflare_logout_deletes_the_pair_and_keeps_mesh ... ok
test cloudflare_names::tests::normalize_label_refuses_input_that_normalizes_to_empty ... ok
test cloudflare_names::tests::normalize_label_truncates_overlong_input ... ok
test cloudflare_names::tests::normalize_label_table ... ok
test cloudflare_names::tests::normalize_label_truncation_never_ends_in_hyphen ... ok
test cloudflare_login::tests::cloudflare_login_vault_preflight_refuses_before_the_code_is_spent ... ok
test cloudflare_names::tests::participant_name_100_char_hostname_fits_and_is_idempotent ... ok
test cloudflare_names::tests::participant_name_is_prefixed_with_the_normalized_host ... ok
test cloudflare_names::tests::participant_name_refuses_a_hostname_that_normalizes_to_empty ... ok
test cloudflare_names::tests::participant_name_worked_example ... ok
test cloudflare_names::tests::refusal_carries_a_named_error_not_a_silent_empty ... ok
test cloudflare_names::tests::service_route_is_service_dot_tillandsias_enclave_vpn_dot_internal ... ok
test cloudflare_names::tests::service_route_normalizes_the_service_component ... ok
test cloudflare_names::tests::service_route_refuses_a_service_that_normalizes_to_empty ... ok
test cloudflare_names::tests::team_name_candidate_matches_team_name ... ok
test cloudflare_names::tests::team_name_refuses_a_login_that_normalizes_to_empty ... ok
test cloudflare_oauth::loopback_tests::loopback_device_grant_note_printed_when_discovery_lists_it ... ignored, drives the real fake-cloudflare over loopback; run via scripts/test-cloudflare-oauth-core.sh
test cloudflare_oauth::loopback_tests::loopback_exchange_succeeds_with_right_state_and_verifier ... ignored, drives the real fake-cloudflare over loopback; run via scripts/test-cloudflare-oauth-core.sh
test cloudflare_oauth::loopback_tests::loopback_refresh_rotates_and_invalidates_old_refresh_token ... ignored, drives the real fake-cloudflare over loopback; run via scripts/test-cloudflare-oauth-core.sh
test cloudflare_oauth::loopback_tests::loopback_revoke_succeeds_against_real_fake ... ignored, drives the real fake-cloudflare over loopback; run via scripts/test-cloudflare-oauth-core.sh
test cloudflare_oauth::loopback_tests::loopback_state_mismatch_makes_zero_token_requests ... ignored, drives the real fake-cloudflare over loopback; run via scripts/test-cloudflare-oauth-core.sh
test cloudflare_names::tests::team_name_table ... ok
test cloudflare_names::tests::team_name_signature_has_no_retired_id_parameter ... ok
test cloudflare_oauth::tests::begin_no_device_grant_note_when_absent ... ok
test cloudflare_oauth::tests::begin_reads_endpoints_from_discovery_not_hardcoded ... ok
test cloudflare_oauth::tests::begin_prints_device_grant_note_when_discovery_lists_it ... ok
test cloudflare_oauth::tests::begin_verifier_is_rfc7636_length_and_challenge_is_s256_of_it ... ok
test cloudflare_oauth::tests::begin_state_is_32_bytes_of_randomness_base64url_encoded ... ok
test bringup_progress::tests::declared_total_matches_the_number_of_steps_in_run_opencode_mode ... ok
test cloudflare_oauth::tests::bundle_debug_never_prints_a_token ... ok
test cloudflare_oauth::tests::device_grant_note_pure_helper_matches_exact_urn ... ok
test cloudflare_oauth::tests::discovery_http_error_is_refused_not_panicked ... ok
test cloudflare_oauth::tests::http_response_debug_never_prints_the_body ... ok
test cloudflare_oauth::tests::errors_from_a_hostile_body_never_carry_a_token ... ok
test cloudflare_oauth::tests::percent_encode_escapes_reserved_and_passes_unreserved ... ok
test cloudflare_oauth::tests::refresh_propagates_invalid_grant_as_err ... ok
test cloudflare_oauth::tests::exchange_returns_bundle_on_success ... ok
test cloudflare_oauth::tests::exchange_state_mismatch_is_refused_and_makes_zero_post_calls ... ok
test cloudflare_oauth::tests::revoke_err_on_non_2xx ... ok
test cloudflare_oauth::tests::revoke_ok_on_2xx ... ok
test cloudflare_oauth::tests::refresh_rotates_via_post_to_token_endpoint ... ok
test container_deps::tests::a_healthy_service_is_absent_from_the_death_counts ... ok
test container_deps::tests::all_launch_targets_have_prerequisites ... ok
test container_deps::tests::death_counts_are_cumulative_and_per_service ... ok
test container_deps::tests::death_verdict_distinguishes_exit_codes ... ok
test container_deps::tests::death_verdict_is_one_grepable_line_with_exit_code_and_count ... ok
test container_deps::tests::death_verdict_survives_an_unknown_state ... ok
test container_deps::tests::a_pem_certificate_is_trustable ... ok
test container_deps::tests::a_missing_or_malformed_certificate_is_refused_as_unreadable ... ok
test container_deps::tests::dependency_graph_is_complete_and_acyclic ... ok
test container_deps::tests::ensure_forge_launch_returns_up_forgelaunchready ... ok
test container_deps::tests::ensure_git_login_returns_up_gitloginready ... ok
test container_deps::tests::ensure_with_satisfies_prerequisites_before_target ... ok
test container_deps::tests::ensure_with_stops_and_reports_on_unsatisfied_prerequisite ... ok
test container_deps::tests::expected_services_file_matches_the_persistent_services ... ok
test container_deps::tests::forge_launch_brings_up_networks_ca_and_proxy_before_itself ... ok
test container_deps::tests::gitlogin_brings_up_vault_and_proxy_before_itself ... ok
test container_deps::tests::launch_skipping_prerequisite_fails ... ok
test container_deps::tests::leaf_nodes_have_no_dependencies ... ok
test container_deps::tests::liveness_probe_is_constructable ... ok
test container_deps::tests::liveness_result_all_running ... ok
test container_deps::tests::liveness_result_not_all_running ... ok
test container_deps::tests::nix_cache_absent_is_not_a_death ... ok
test container_deps::tests::nix_cache_existing_container_states_classify ... ok
test container_deps::tests::real_satisfier_dispatches_enclave_network ... ok
test container_deps::tests::real_satisfier_match_arms_cover_all_services ... ok
test container_deps::tests::real_satisfier_rejects_forge_launch_as_prerequisite ... ok
test container_deps::tests::real_satisfier_rejects_gitlogin_as_prerequisite ... ok
test container_deps::tests::up_constructor_is_module_private ... ok
test container_deps::tests::the_ca_satisfier_refuses_what_it_cannot_trust ... ok
test control_dispatch::tests::host_clock_sync_is_vsock_only ... ok
test control_dispatch::tests::response_shaped_variants_are_response_only_on_both_transports ... ok
test control_dispatch::tests::set_vsock_forward_target_is_vsock_only ... ok
test control_dispatch::tests::symmetric_variants_match_on_both_transports ... ok
test control_dispatch::tests::unix_socket_routing_matrix ... ok
test control_dispatch::tests::vsock_routing_matrix ... ok
test device_poll_view::tests::a_tick_redraws_one_line_with_the_real_time_left ... ok
test device_poll_view::tests::finish_flushes_a_last_line_without_newline ... ok
test device_poll_view::tests::plain_tier_is_byte_for_byte_unchanged ... ok
test device_poll_view::tests::other_lines_pass_through_unchanged_even_split_across_chunks ... ok
test device_poll_view::tests::the_activity_line_carries_no_words ... ok
test device_poll_view::tests::the_granted_line_turns_green_and_clears_the_activity_line ... ok
test enclave_service_health_tests::a_dead_service_reports_its_signal_and_age_not_its_stale_health ... ok
test enclave_service_health_tests::an_unknown_exit_time_says_unknown_rather_than_inventing_an_age ... ok
test enclave_service_health_tests::running_and_cleanly_stopped_services_are_not_failures ... ok
test enclave_service_health_tests::sigterm_and_sigsegv_are_named_not_left_as_numbers ... ok
test engine_slots::tests::test_backend_env_pinning ... ok
test engine_slots::tests::test_cuda_major_parser ... ok
test engine_slots::tests::test_default_engine_is_ollama ... ok
test engine_slots::tests::test_npu_allowed_on_llama_server ... ok
test engine_slots::tests::test_npu_refused_on_ollama ... ok
test engine_slots::tests::test_unusable_device_refused ... ok
test cloudflare_names::tests::normalize_twice_equals_normalize_once_display ... ok
test exec_allowlist::exec_allowlist_tests::accepted_shapes_are_exactly_todays_shapes ... ok
test exec_allowlist::exec_allowlist_tests::bash_arm_accepts_any_script_including_the_known_field_failures ... ok
test exec_allowlist::exec_allowlist_tests::podman_arm_validates_the_project_name ... ok
test exec_allowlist::exec_allowlist_tests::refused_shapes_stay_refused ... ok
test exec_allowlist::exec_allowlist_tests::verbatim_argv_arm_accepts_absolute_non_shell_programs ... ok
test exec_allowlist::exec_allowlist_tests::verbatim_argv_arm_refuses_shells_relative_paths_and_traversal ... ok
test exec_allowlist::exec_allowlist_tests::verbatim_arm_grants_nothing_the_bash_arm_did_not ... ok
test flow_sink::tests::an_unchanged_ca_announces_nothing ... ok
test flow_sink::tests::every_announced_transition_is_declared_and_every_row_is_reachable ... ok
test flow_sink::tests::mint_rotate_and_loss_are_distinct_transitions ... ok
test flow_sink::tests::undeclared_states_and_transitions_are_refused ... ok
test forge_swap::tests::instance_ids_always_match_the_helpers_grammar ... ok
test image_build_progress::tests::a_failed_build_ends_failed_with_the_reason ... ok
test image_build_progress::tests::done_never_decreases_and_duplicates_are_silent ... ok
test image_build_progress::tests::a_real_build_yields_determinate_events_before_done ... ok
test image_build_progress::tests::event_log_lines_are_marked ... ok
test image_build_progress::tests::legacy_line_keeps_its_format ... ok
test cloudflare_names::tests::normalize_twice_equals_normalize_once_label ... ok
test image_build_progress::tests::parses_step_and_commit_and_nothing_else ... ok
test image_build_progress::tests::percent_follows_steps_not_keywords ... ok
test forge_budget_argv_tests::status_check_forge_argv_carries_the_budget ... ok
test cloudflare_login::tests::cloudflare_login_relay_poll_state_first_then_code ... ok
test metrics_server::tests::route_request_line_matrix ... ok
test metrics_server::tests::image_build_metrics_use_bounded_labels_and_stable_units ... ok
test metrics_server::tests::test_metrics_server_can_bind ... ok
test flag_surface_tests::every_dispatched_flag_is_in_the_known_flags_allow_list ... ok
test metrics_server::tests::test_metrics_server_state_creation ... ok
test metrics_server::tests::test_metrics_server_state_default ... ok
test mirror_seed_failure_tests::a_huge_failure_line_is_bounded ... ok
test metrics_server::tests::end_to_end_unknown_path_returns_404 ... ok
test mirror_seed_failure_tests::the_latest_seed_failure_is_surfaced_and_a_slow_seed_is_not_a_failure ... ok
test mirror_seed_failure_tests::the_marker_is_what_the_mirror_prints ... ok
test metrics_server::tests::test_metrics_server_state_shared ... ok
test forge_budget_argv_tests::opencode_forge_argv_carries_the_budget_in_both_modes ... ok
test msg_serve::tests::a_malformed_entry_goes_to_dead_without_a_receipt ... ok
test msg_serve::tests::a_lane_that_claims_another_lane_is_attributed_by_its_mount ... ok
test forge_budget_argv_tests::every_function_that_launches_the_forge_image_carries_the_budget ... ok
test cloudflare_login::tests::cloudflare_login_qr_without_relay_is_refused_before_any_network_call ... ok
test msg_serve::tests::a_secret_written_straight_into_an_outbox_is_refused_by_the_mover ... ok
test msg_serve::tests::an_unacked_message_expires_undelivered ... ok
test msg_serve::tests::a_symlinked_outbox_cannot_read_another_lanes_inbox ... ok
test msg_serve::tests::a_remote_recipient_stays_pending_and_keeps_the_outbox_entry ... ok
test msg_serve::tests::a_failed_fsync_never_produces_an_ack ... ok
test msg_serve::tests::a_wildcard_reaches_every_other_lane_with_one_ack_each ... ok
test msg_serve::tests::forge_lane_labels_and_mount_args ... ok
test cloudflare_login::tests::cloudflare_login_loopback_wrong_state_is_refused_and_closes ... ok
test policy_router::tests::cold_preferred_uses_resident_small_model_without_switching_in_flight ... ok
test policy_router::tests::all_four_classes_select_by_their_declared_measured_objective ... ok
test policy_router::tests::memory_headroom_uses_exact_integer_boundary ... ok
test msg_serve::tests::the_skip_fsync_seam_refuses_the_ack ... ok
test msg_serve::tests::the_mover_acks_after_fsync_with_no_recv_ever_run ... ok
test policy_router::tests::default_toml_defines_exactly_four_valid_chains ... ok
test policy_router::tests::oversize_and_context_ceiling_advance_to_cpu_terminal ... ok
test policy_router::tests::unclassified_defaults_to_interactive ... ok
test progress_sink::tests::install_once_then_publish_delivers ... ok
test msg_serve::tests::the_wake_socket_gets_a_byte_per_delivery ... ok
test policy_router::tests::table_without_cpu_tier_s_is_rejected_at_load ... ok
test policy_router::tests::serialized_facts_drive_energy_choice_and_degraded_lane_loses ... ok
test pty_input_probe::tests::only_terminals_count_as_terminals ... ok
test pty_input_probe::tests::syscall_line_parsing_covers_the_kernel_shapes ... ok
test msg_serve::tests::the_ttl_sweep_drops_an_acked_copy_and_the_ack_stays ... ok
test msg_serve::tests::a_reply_to_a_broadcast_is_refused_by_the_exchange_layer ... ok
test cloudflare_login::tests::cloudflare_login_loopback_takes_exactly_one_callback_then_closes ... ok
test pty_input_probe::tests::a_process_reading_a_real_pty_reports_blocked_on_input ... ok
test metrics_server::tests::test_format_prometheus_metrics_contains_valid_format ... ok
test metrics_server::tests::test_format_prometheus_metrics ... ok
test runtime_assets::tests::embedded_assets_include_required_runtime_contexts ... ok
test metrics_server::tests::end_to_end_get_metrics_returns_prometheus_body ... ok
test runtime_assets::tests::every_containerfile_copy_source_exists_in_embedded_assets ... ok
test runtime_phase::tests::phase_gate_truth_table ... ok
test seed_staleness_tests::verdict_line_shapes ... ok
test swap_cmd::tests::a_second_on_changes_nothing ... ok
test swap_cmd::tests::hostile_users_are_refused ... ok
test swap_cmd::tests::removal_covers_every_installed_path_and_off_undoes_on ... ok
test tests::_diagnostic_dump_sample_claude_argv ... ignored, diagnostic dump for hand-off; run with --ignored when needed
test tests::a_commented_out_proxy_block_is_still_removed ... ok
test tests::a_non_github_or_malformed_origin_yields_no_repo_to_probe ... ok
test accel_probe::tests::test_cache_from_different_probe_code_is_reprobed_not_served ... ok
test tests::a_note_line_before_the_verdict_is_never_read_as_the_verdict ... ok
test tests::a_project_without_platform_branches_is_never_warned ... ok
test tests::a_proxy_started_before_a_rotation_is_stale ... ok
test tests::a_push_capable_token_seeds_exactly_as_before ... ok
test tests::a_reply_mentioning_mock_is_refused_not_mocked ... ok
test tests::a_revoked_credential_is_told_to_re_login_not_to_edit_scopes ... ok
test tests::a_spawn_failure_names_the_program_and_the_path ... ok
test tests::a_stale_pre_801_kqme_proxy_block_is_removed_and_the_rest_of_the_file_survives ... ok
test tests::a_token_without_push_permission_is_refused_with_the_missing_permission_named ... ok
test tests::absent_forge_instance_emits_no_state_overrides ... ok
test tests::absent_or_empty_forge_instance_preserves_legacy_names ... ok
test tests::all_launch_paths_route_through_dependency_model ... ok
test tests::an_absent_containers_conf_is_left_absent ... ok
test tests::an_env_that_is_not_ours_is_never_removed ... ok
test tests::an_unlabelled_proxy_is_stale_and_an_unreadable_one_is_kept ... ok
test tests::an_unparseable_probe_answer_refuses_rather_than_assuming_permission ... ok
test tests::an_unreachable_credential_probe_does_not_demote ... ok
test tests::antigravity_device_auth_spec_pins_command_and_opaque_schema ... ok
test tests::antigravity_login_never_uses_generic_paste_token_script ... ok
test tests::app_user_without_a_display_name_uses_the_login ... ok
test tests::both_proxy_env_appliers_emit_the_same_contract ... ok
test tests::bringup_execs_never_attach_stdin ... ok
test tests::build_failure_names_the_failing_step_from_podman_stderr ... ok
test tests::build_proxy_neutralize_vars_cover_lower_and_upper_case ... ok
test tests::build_web_service_run_args_bind_mounts_worktree_read_only ... ok
test tests::ca_key_mode_heals_world_readable_down_to_0600 ... ok
test tests::caddy_reload_routes_handles_connection_error_gracefully ... ok
test tests::caddy_reload_routes_with_debug_enabled ... ok
test tests::claude_device_auth_spec_pins_command_and_opaque_schema ... ok
test tests::claude_login_never_uses_generic_paste_token_script ... ok
test tests::cleanup_init_logs_covers_every_init_image_and_nothing_else ... ok
test tests::cleanup_leaves_running_sibling_forge_and_its_dependencies_alone ... ok
test tests::cleanup_removes_exited_forge_then_git_and_browser ... ok
test tests::cleanup_tolerates_absent_forge_and_still_wipes_project_dependencies ... ok
test tests::cli_mode_counts_every_lane_flag ... ok
test accel_probe::tests::test_cpu_only_probe_yields_a_valid_document_not_silence ... ok
test cloudflare_oauth::tests::defaults_when_env_unset ... ok
test tests::cloud_mode_gitconfig_ignores_a_stray_same_named_repo_in_the_cwd ... ok
test tests::cloud_mode_gitconfig_with_no_resolved_origin_states_the_cloud_reason ... ok
test cloudflare_login::tests::cloudflare_login_loopback_times_out_and_closes ... ok
test tests::cloud_mode_observatorium_refuses_relative_bind_source ... ok
test pty_input_probe::tests::real_processes_report_the_expected_states ... ok
test tests::cloud_mode_opencode_local_origin_and_branch_still_read_host_checkout ... ok
test tests::cloud_mode_opencode_origin_and_branch_from_resolved_project ... ok
test resource_lock::tests::contended_lock_times_out_loudly ... ok
test tests::codex_device_auth_spec_pins_command_and_opaque_schema ... ok
test resource_lock::tests::distinct_resources_do_not_contend ... ok
test resource_lock::tests::drop_releases_for_next_acquirer ... ok
test tests::codex_device_qr_rejects_spoofed_or_code_bearing_urls ... ok
test tests::codex_entrypoint_has_non_interactive_exec_path ... ok
test tests::codex_login_never_uses_generic_paste_token_script ... ok
test tests::codex_device_qr_uses_the_existing_terminal_palette ... ok
test tests::colour_qr_is_background_cells_one_row_per_module_and_decodes_to_the_code ... ok
test tests::control_socket_is_listening_returns_false_for_missing_path ... ok
test tests::control_socket_is_listening_returns_false_for_stale_socket_file ... ok
test tests::control_socket_is_listening_returns_true_for_live_listener ... ok
test tests::converging_an_already_clean_conf_is_a_reported_no_op ... ok
test tests::credential_revalidation_is_not_on_the_hot_path ... ok
test tests::credential_revalidation_runs_before_the_presence_short_circuit ... ok
test tests::codex_device_qr_recognizes_every_stream_split_and_only_once ... ok
test tests::delegated_result_codex_entrypoint_appends_json_to_the_exec_command ... ok
test resource_lock::tests::exclusive_and_shared_mutually_exclude ... ok
test resource_lock::tests::held_resources_with_prefix_lists_only_live_matching_locks ... ok
test tests::delegated_result_format_unknown_value_fails_closed ... ok
test resource_lock::tests::is_held_reflects_lock_lifecycle ... ok
test tests::delegated_result_success_with_infrastructure_error_has_no_success_verdict ... ok
test tests::delegated_result_format_web_lane_stays_outside_the_contract ... ok
test resource_lock::tests::shared_holders_coexist ... ok
test tests::detached_image_ensure_preserves_lock_and_decision_machinery ... ok
test tests::detached_image_ensure_routes_through_the_spawn_seam ... ok
test tests::codex_prompt_run_is_non_interactive_and_injects_prompt_env ... ok
test tests::device_code_errors_quote_nothing_and_hostile_codes_are_refused ... ok
test tests::documented_timestamp_ids_differ_across_name_hostname_and_state ... ok
test tests::durable_spec_index_volume_is_per_project_and_distinct_from_the_cache_volume ... ok
test tests::dynamic_caddyfile_demo_case_renders_full_auth_chain ... ok
test tests::dynamic_caddyfile_empty_routes_returns_empty_string ... ok
test tests::dynamic_caddyfile_multiple_routes ... ok
test tests::dynamic_caddyfile_routes_observatorium_with_root_redirect ... ok
test tests::dynamic_caddyfile_routes_opencode_service ... ok
test tests::enclave_bringup_cleans_up_before_ensuring_prerequisites ... ok
test tests::enclave_egress_dual_home_targets_managed_egress_network ... ok
test runtime_assets::tests::materialized_assets_repair_corruption ... ok
test cloudflare_oauth::tests::client_id_and_base_url_env_overrides ... ok
test tests::cloud_mode_forge_agent_cli_decision_ignores_stale_env_var ... ok
test tests::enclave_resolved_config_routes_vault_single_label ... ok
test tests::ensure_containers_conf_dns_servers_inserts_under_network_and_is_idempotent ... ok
test tests::ensure_enclave_network_also_ensures_egress_network ... ok
test tests::ensure_proxy_running_checks_the_ca_generation_before_returning_early ... ok
test tests::every_inference_start_site_is_behind_the_kill_switch ... ok
test accel_probe::tests::test_negative_control_unchanged_binary_still_serves_its_own_cache ... ok
test tests::cloud_mode_forge_agent_cli_decision_is_true_only_from_flag ... ok
test tests::cloud_mode_observatorium_decision_ignores_stale_env_var_and_local_source_is_absolute ... ok
test tests::cloud_mode_opencode_decision_ignores_stale_env_var ... ok
test tests::extract_gitconfig_section_finds_user_block ... ok
test tests::extract_gitconfig_section_returns_none_for_missing ... ok
test tests::failed_vault_verify_signals_nothing ... ok
test tests::cloud_mode_opencode_web_decision_ignores_stale_env_var ... ok
test tests::foreground_git_mirror_lanes_revoke_issued_approle_accessors_on_return ... ok
test tests::forge_agent_mode_entrypoint_mapping_is_pinned ... ok
test tests::every_vsock_forwarder_lane_excludes_the_inference_container ... ok
test tests::every_interactive_cli_lane_drains_its_vault_credentials ... ok
test tests::every_mirror_create_lane_provisions_the_service_identity ... ok
test tests::forge_agent_launch_gates_on_provider_login_first ... ok
test resource_lock::tests::same_resource_serializes_check_and_act ... ok
test tests::delegated_result_timeout_defaults_bounded_and_rejects_invalid_override ... ok
test tests::forge_container_names_are_instance_scoped_so_workers_coexist ... ok
test forge_budget_argv_tests::agent_forge_argv_carries_the_budget_for_every_agent ... ok
test tests::forge_builders_inject_seed_branch_from_host_checkout ... ok
test tests::detect_host_terminal_prefers_env_var ... ok
test tests::enclave_no_proxy_includes_vault_service_dns ... ok
test tests::enclave_no_proxy_uses_subnet_override ... ok
test tests::enclave_subnet_defaults_to_current_cidr ... ok
test tests::forge_host_mount_is_opt_in_only ... ok
test tests::forge_identity_comes_from_the_app_user_never_the_host_gitconfig ... ok
test tests::forge_hostname_is_instance_scoped ... ok
test tests::forge_instance_identifiers_are_sanitized ... ok
test tests::forge_identity_references_its_base_by_content_not_by_alias ... ok
test tests::forge_gitdir_staging_hands_root_staged_trees_to_forge_uid ... ok
test tests::forge_launch_preflights_router_image_before_start ... ok
test tests::forge_launch_proxy_bringup_is_idempotent ... ok
test tests::forge_worker_state_dirs_are_isolated_per_worker ... ok
test tests::forge_worker_state_never_redirects_config_home ... ok
test tests::forge_src_is_a_hot_tmpfs_sized_by_compute_hot_budget ... ok
test tests::format_diagnostics_envelope_line_accepts_real_chrono_timestamp ... ok
test tests::format_diagnostics_envelope_line_emits_pinned_shape ... ok
test tests::git_identity_prerequisite_reads_a_file_and_never_runs_git ... ok
test tests::git_identity_prompt_disclaims_being_a_credential ... ok
test tests::git_identity_refusal_names_the_file_not_the_git_binary ... ok
test tests::git_identity_refusal_names_the_paths_it_searched ... ok
test tests::git_mirror_readiness_budget_covers_observed_cold_seed ... ok
test tests::git_mirror_readiness_fast_path_accepts_non_main_branch ... ok
test tests::git_mirror_readiness_rejects_reachable_but_unseeded_branch ... ok
test tests::git_mirror_readiness_without_branch_metadata_accepts_any_concrete_head ... ok
test tests::git_run_args_assign_per_project_dns_identity_never_shared_aliases ... ok
test tests::git_run_args_forward_project_remote_url_when_present ... ok
test tests::git_run_args_mount_vault_agent_approle_when_supplied ... ok
test tests::git_run_args_omit_vault_auto_auth_when_none ... ok
test tests::git_mirror_relay_credential_mint_fails_loud_not_silent ... ok
test tests::git_run_args_strip_embedded_http_credentials_before_container_env ... ok
test tests::git_run_args_use_image_entrypoint_and_persist_srv_git ... ok
test tests::github_app_client_id_is_pinned ... ok
test tests::github_login_has_no_paste_prompt_and_keeps_the_stdin_seed ... ok
test tests::github_login_identity_cannot_discard_a_collected_token ... ok
test tests::github_login_non_tty_requires_explicit_stdin_mode ... ok
test tests::github_login_preflight_does_not_require_project_git_container ... ok
test tests::github_login_prompts_after_infrastructure_preflight ... ok
test tests::github_login_refusal_names_a_remedy_that_works ... ok
test tests::github_login_refusal_states_the_subject_it_examined ... ok
test tests::github_login_stdin_mode_never_reads_from_dev_tty ... ok
test tests::github_login_terminal_mode_keeps_tty_allocation ... ok
test tests::github_refresh_flags_are_known ... ok
test tests::github_token_prompt_carries_clickable_url_and_minimum_scopes ... ok
test tests::group_sigterm_is_gated_on_actually_leading_the_group ... ok
test tests::host_mount_escape_hatch_branches_emit_the_isolation_guard ... ok
test tests::host_mount_is_refused_without_a_host_checkout ... ok
test tests::host_mount_isolation_warning_names_reduction_quarantine_and_scope ... ok
test tests::hot_src_tmpfs_is_clone_only_never_over_the_host_mount ... ok
test tests::identity_prompt_defaults_follow_the_forge_identity ... ok
test tests::idiomatic_podman_launch_paths_do_not_bypass_shared_layer ... ok
test tests::image_build_argv_uses_docker_format_for_healthchecks ... ok
test tests::image_build_detach_decision_both_directions ... ok
test tests::image_build_inputs_are_empty_for_non_framework_images ... ok
test tests::image_build_inputs_include_chromium_core_identity_for_framework ... ok
test tests::image_build_inputs_include_forge_base_identity_for_forge ... ok
test tests::image_ensure_cannot_be_racing_the_identity_prerequisite ... ok
test tests::image_identity_moves_when_context_content_moves ... ok
test tests::image_inspect_metadata_reads_nested_labels_and_ids ... ok
test tests::image_specs_rejects_unknown_image_types ... ok
test tests::image_specs_returns_correct_containerfile_paths ... ok
test tests::inference_disable_flag_truth_table ... ok
test tests::inference_run_args_apply_the_selected_backend_pin ... ok
test accel_probe::tests::test_probe_produces_valid_document ... ok
test accel_probe::tests::test_serialization_roundtrip ... ok
test tests::inference_run_args_gate_gpu_delivery_on_tier_and_cdi ... ok
test tests::forge_container_spec_mounts_only_per_lane_mcp_dir ... ok
test tests::git_run_args_pass_the_ssh_lane_flag_into_the_mirror ... ok
test tests::init_command_defines_required_images_in_order ... ok
test tests::init_command_detects_repo_root_from_version_and_images_dir ... ok
test tests::init_logs_captured_in_debug_mode ... ok
test tests::init_build_state_tracks_image_status ... ok
test tests::init_logs_none_in_non_debug_mode ... ok
test tests::interactive_lane_keeps_the_terminal_foreground_process_group ... ok
test tests::json_escape_quotes_and_controls ... ok
test tests::detect_host_terminal_falls_back_to_xdg_then_probe ... ok
test tests::init_build_state_persists_to_cache_directory ... ok
test tests::launch_forge_agent_sets_cwd_and_logs_spawn_outcome ... ok
test tests::legacy_init_state_deserializes_without_identity_records ... ok
test tests::list_cloud_projects_preflight_order ... ok
test tests::login_helper_disables_the_inherited_healthcheck_and_the_git_service_keeps_it ... ok
test tests::interactive_forge_run_forwards_terminal_identity_env ... ok
test tests::mcp_socket_host_dir_is_per_lane_scoped ... ok
test tests::mirror_size_probe_execs_in_the_mirror_on_the_repo_path_in_kib ... ok
test tests::mirror_upgrade_skew_branch_recreates_only_without_live_siblings ... ok
test tests::mirror_upgrade_skew_taxonomy ... ok
test tests::nix_cache_launch_args_parity_is_two_sided ... ok
test tests::nix_cache_run_args_match_the_service_contract ... ok
test tests::no_app_login_yields_a_project_scoped_identity ... ok
test tests::no_github_token_ever_reaches_a_forge_lane ... ok
test tests::nvidia_cdi_available_honors_user_config_dir ... ok
test tests::observatorium_mode_preflights_web_image ... ok
test tests::observatorium_web_args_mount_project_read_only_under_source ... ok
test tests::on_demand_build_remedy_is_runnable_from_the_macos_and_windows_tray ... ok
test tests::on_demand_dependency_mapping_matches_the_init_path ... ok
test tests::on_demand_ensure_rebuilds_when_the_image_source_digest_differs ... ok
test tests::on_demand_ensure_skips_when_the_image_source_digest_matches ... ok
test tests::on_demand_image_build_announces_slow_work_before_buffered_build ... ok
test tests::on_demand_image_build_decides_on_content_identity_not_the_version_tag ... ok
test tests::on_demand_image_build_error_names_image_and_recovery_command ... ok
test tests::on_demand_image_build_rejects_an_image_of_unknown_provenance ... ok
test tests::only_a_completed_push_negotiation_seeds_the_credential ... ok
test tests::only_a_real_spawn_miss_is_collapsible ... ok
test tests::inference_run_args_use_replace_for_idempotency ... ok
test tests::a_non_interactive_prompt_lane_claims_no_tty_and_pins_no_term ... ok
test tests::opencode_args_isolation_branch_stages_ro_and_clones ... ok
test tests::opencode_args_diagnostics_mode ... ok
test tests::delegated_launch_refuses_an_argv_missing_the_hardening_envelope ... ok
test tests::inference_run_args_place_every_flag_before_the_image ... ok
test tests::opencode_args_mount_persistent_tool_cache_named_volume ... ok
test tests::opencode_mode_preflights_router_image_before_start ... ok
test tests::opencode_args_mount_workspace_and_prompt ... ok
test tests::opencode_web_auth_cookie_header_is_canonical ... ok
test tests::opencode_web_browser_spec_is_built_with_typed_podman_flags ... ok
test tests::opencode_web_event_log_path_is_project_scoped ... ok
test tests::opencode_web_readiness_status_contract_is_auth_gated ... ok
test tests::opencode_web_reuses_existing_router_before_host_port_selection ... ok
test tests::opencode_web_route_uses_the_instance_scoped_forge_upstream ... ok
test tests::opencode_web_startup_stage_order_is_stable ... ok
test tests::opencode_forge_args_never_replace_a_running_sibling ... ok
test tests::only_an_evaluated_verdict_may_quarantine_a_checkout ... ok
test tests::overlay_classifier_checks_both_conditions ... ok
test tests::overlay_corruption_classifier_matches_known_signatures ... ok
test tests::overlay_corruption_classifier_rejects_non_corruption ... ok
test tests::owner_repo_is_derived_from_every_origin_shape_an_operator_actually_has ... ok
test tests::parse_enclave_gateway_accepts_podman_network_inspect_shape ... ok
test tests::parse_gitdir_origin_url_follows_gitdir_pointer_file ... ok
test tests::parse_gitdir_origin_url_ignores_other_remotes_and_missing_origin ... ok
test tests::parse_gitdir_origin_url_reads_plain_clone_config ... ok
test tests::origin_resolution_distinguishes_absent_from_unresolvable ... ok
test tests::podman_runtime_blocker_matches_known_health_failures ... ok
test tests::per_project_cleanup_never_removes_shared_containers ... ok
test tests::private_routes_keep_their_auth_gate ... ok
test tests::project_label_from_path_normalizes_for_localhost_hostnames ... ok
test tests::provider_login_persists_only_provider_scoped_tool_cache ... ok
test tests::provider_login_routes_via_enclave_only_net_and_proxy ... ok
test tests::proxy_already_running_path_still_heals_the_ca_key ... ok
test tests::proxy_args_encode_the_expected_container_shape ... ok
test tests::proxy_args_label_the_ca_generation_and_keep_the_image_last ... ok
test tests::proxy_env_routes_node_through_the_proxy ... ok
test tests::public_catalog_route_has_no_forward_auth_gate ... ok
test tests::public_flag_defaults_false_and_round_trips_json ... ok
test tests::qr_tier_rule_is_plain_on_no_color_or_non_tty ... ok
test tests::reset_bodies_announce_the_disposition_and_delete_no_store ... ok
test tests::reset_guest_destructive_gate_honors_opt_out ... ok
test tests::reset_guest_network_scope_is_enclave_and_egress_only ... ok
test tests::reset_guest_reprovisions_via_run_init ... ok
test tests::reset_guest_scope_selects_only_tillandsias_objects ... ok
test tests::reset_guest_wipe_paths_exclude_model_cache ... ok
test tests::router_run_args_encode_expected_container_shape ... ok
test tests::run_init_build_loop_calls_overlay_self_heal ... ok
test tests::scoped_cleanup_uses_the_same_stable_forge_name_constructor ... ok
test tests::launch_forge_agent_maintenance_uses_terminal_entrypoint ... ok
test tests::seed_non_platform_notice_says_the_forge_cannot_commit ... ok
test tests::seed_resolved_notice_names_both_the_branch_and_the_checkout ... ok
test tests::seed_unresolved_notice_names_the_path_and_the_main_fallback ... ok
test tests::select_diagnostics_agent_kind_respects_precedence_and_none_fallback ... ok
test tests::self_heal_not_triggered_for_non_overlay_error ... ok
test tests::self_heal_propagates_reset_failure ... ok
test tests::self_heal_refuses_second_attempt ... ok
test tests::self_heal_triggered_once_for_overlay_error ... ok
test tests::shared_stack_ensure_guards_git_and_inference_behind_running_checks ... ok
test tests::shared_stack_ensure_refuses_upgrade_skewed_mirror_under_live_sibling ... ok
test tests::shared_stack_launch_marker_lifecycle_and_own_exclusion ... ok
test tests::shared_stack_predicate_counts_all_proxy_dependent_lanes ... ok
test tests::shared_stack_second_forge_ensure_reuses_running_containers ... ok
test tests::login_signal_precedes_a_slow_prompt ... ok
test tests::shared_stack_teardown_gates_on_foreign_launch_in_flight_markers ... ok
test tests::shutdown_escalation_targets_only_owned_running_containers ... ok
test tests::shutdown_poll_backoff_doubles_until_capped ... ok
test tests::soft_reset_plan_preserves_the_store_under_every_disposition ... ok
test tests::delegated_result_fake_podman_covers_fresh_status_and_exact_timeout_reap ... ok
test tests::ssh_lane_flag_has_a_single_source_of_truth ... ok
test tests::ssh_lane_sidecar_wiring_windows ... ok
test tests::stack_managed_name_never_claims_by_prefix_alone ... ok
test tests::stack_run_args_use_replace_for_idempotency ... ok
test tests::delegated_result_format_propagates_to_both_prompted_builders_only ... ok
test tests::status_check_args_probe_proxy_git_and_inference_from_forge ... ok
test tests::opencode_vault_auth_mount_is_scoped_and_contains_no_credential_bytes ... ok
test tests::teardown_and_liveness_agree_on_shared_container_scope ... ok
test tests::opencode_without_vault_key_preserves_credential_free_lane ... ok
test tests::stack_service_args_do_not_pin_static_ips ... ok
test tests::post_last_lane_steady_state_needs_no_liveness_recreate ... ok
test tests::test_ensure_pasta_options_ipv4_only ... ok
test tests::test_is_optional_image ... ok
test tests::the_device_code_is_on_no_spawned_argv ... ok
test tests::the_device_poll_budget_covers_the_codes_lifetime ... ok
test tests::status_check_verdict_names_each_degraded_reason_or_says_ok ... ok
test tests::the_device_poll_stores_before_it_uses_the_token ... ok
test tests::the_dns_writer_reports_whether_it_actually_wrote ... ok
test tests::the_downgrade_guard_is_called_and_refuses_before_the_detach ... ok
test tests::terminal_qr_uses_the_palette_pair_on_256_colours ... ok
test tests::the_explicit_refresh_refuses_without_a_desktop_session ... ok
test tests::the_dxg_delivery_is_gated_on_both_paths_in_production ... ok
test tests::terminal_qr_uses_the_palette_pair_on_truecolor ... ok
test tests::the_kill_switch_scan_can_actually_fail ... ok
test tests::the_force_downgrade_flag_sets_the_variable_the_guard_reads ... ok
test tests::the_probe_does_not_rest_on_the_user_role_permissions_field ... ok
test tests::the_probe_runs_in_container_and_negotiates_against_the_repo ... ok
test tests::the_refresh_verdict_is_non_zero_unless_it_rotated ... ok
test tests::the_refresh_writes_the_secret_rotation_audit_event ... ok
test tests::the_sync_verdict_parse_never_reads_a_stale_mirror_as_current ... ok
test tests::the_litmus_switch_returns_before_any_poll_or_write ... ok
test tests::the_wsl2_dxg_mount_needs_both_halves_and_is_read_only ... ok
test tests::terminal_qr_and_code_are_escape_free_when_plain ... ok
test tests::the_two_blocking_startup_tasks_do_not_occupy_worker_threads ... ok
test tests::user_code_is_blush_on_a_colour_tier ... ok
test tests::versioned_image_tag_formats_correctly ... ok
test tests::vsock_forwarder_claims_the_inference_alias_on_the_enclave_network ... ok
test tests::vsock_forwarder_is_confined_by_the_derived_profile ... ok
test tests::vsock_forwarder_places_flags_before_the_image_and_socat_args_after ... ok
test tests::the_live_forge_argv_satisfies_the_hardening_envelope ... ok
test tests::vsock_loopback_preflight_classifies_loaded_builtin_and_missing ... ok
test tests::tray_codex_launch_reexecs_cli_for_lease_lifetime ... ok
test tests::vsock_seccomp_finds_the_rule_wherever_it_sits ... ok
test tests::vsock_seccomp_refuses_a_profile_without_the_deny_rule ... ok
test tests::vsock_seccomp_refuses_input_that_is_not_a_profile ... ok
test tests::vsock_seccomp_flips_only_the_af_vsock_deny ... ok
test tests::web_service_names_and_url_are_friendly_and_project_scoped ... ok
test tests::tray_credentialed_agents_delegate_to_cli_lane_for_tty_login ... ok
test tests::worker_identity_is_collision_resistant_at_host_and_state_boundary ... ok
test tests::vsock_listener_is_spawned_before_the_background_tasks ... ok
test tests::the_device_poll_prints_no_json_to_the_user ... ok
test tests::seed_branch_reads_checkout_head_not_the_remotes_default ... ok
test tests::shared_stack_survives_zero_lane_misread_when_forge_refuses_removal ... ok
test tray_notify_tests::no_socket_is_no_tray_not_an_error ... ok
test tray_notify_tests::a_tray_that_does_not_ack_is_no_tray ... ok
test unified_deps::tests::test_github_token_missing_leaves_gated_consumer_blocked_even_when_services_up ... ok
test unified_deps::tests::test_survive_what_where_transitive_closure ... ok
test vault_bootstrap::cloudflare_token_rotation_tests::cloudflare_token_rotation_fake_concurrent_checks_exchange_once ... ignored, drives tillandsias-fake-cloudflare; run via scripts/test-cloudflare-token-rotation.sh
test vault_bootstrap::cloudflare_token_rotation_tests::cloudflare_token_rotation_fake_crash_between_writes_loses_nothing ... ignored, drives tillandsias-fake-cloudflare; run via scripts/test-cloudflare-token-rotation.sh
test vault_bootstrap::cloudflare_token_rotation_tests::cloudflare_token_rotation_fake_due_token_rotates_once_refresh_first ... ignored, drives tillandsias-fake-cloudflare; run via scripts/test-cloudflare-token-rotation.sh
test vault_bootstrap::cloudflare_token_rotation_tests::cloudflare_token_rotation_fake_forge_never_rotates ... ignored, drives tillandsias-fake-cloudflare; run via scripts/test-cloudflare-token-rotation.sh
test vault_bootstrap::cloudflare_token_rotation_tests::cloudflare_token_rotation_fake_not_due_makes_no_exchange ... ignored, drives tillandsias-fake-cloudflare; run via scripts/test-cloudflare-token-rotation.sh
test vault_bootstrap::cloudflare_token_rotation_tests::cloudflare_token_rotation_fake_refused_refresh_keeps_both_records ... ignored, drives tillandsias-fake-cloudflare; run via scripts/test-cloudflare-token-rotation.sh
test unified_deps::tests::unified_graph_is_complete_and_acyclic ... ok
test vault_bootstrap::cloudflare_token_rotation_tests::cloudflare_token_rotation_never_prints_a_token ... ok
test vault_bootstrap::cloudflare_token_rotation_tests::cloudflare_token_rotation_records_keep_refresh_off_the_token_path ... ok
test vault_bootstrap::cloudflare_token_rotation_tests::cloudflare_token_rotation_policies_keep_forges_out ... ok
test vault_bootstrap::cloudflare_token_rotation_tests::cloudflare_token_rotation_scheduler_once_and_backoff_bounded ... ok
test vault_bootstrap::cloudflare_token_rotation_tests::cloudflare_token_rotation_token_endpoint_must_be_https ... ok
test vault_bootstrap::tests::a_failed_refresh_write_keeps_the_old_bundle_intact ... ok
test tests::opencode_lane_builder_mounts_only_per_lane_mcp_dir ... ok
test vault_bootstrap::tests::a_failed_share_fallback_write_is_reported_not_discarded ... ok
test vault_bootstrap::tests::a_failed_token_write_still_attempts_the_share ... ok
test tests::write_forge_gitconfig_handles_ssh_origin_with_https_redirect ... ok
test tests::write_forge_gitconfig_produces_valid_config_with_origin_redirect ... ok
test tests::write_forge_gitconfig_ssh_lane_missing_ca_is_loud_not_silent ... ok
test vault_bootstrap::tests::a_refresh_response_error_never_contains_the_body ... ok
test vault_bootstrap::tests::a_successful_fallback_write_reports_success ... ok
test vault_bootstrap::tests::absent_share_writes_no_share_file_so_partial_init_stays_detectable ... ok
test vault_bootstrap::tests::approle_secret_lease_does_not_hold_vault_lock_while_lane_is_idle ... ok
test vault_bootstrap::tests::approle_ttl_constants_match_spec ... ok
test vault_bootstrap::tests::audit_volume_is_distinct_from_the_data_volume ... ok
test vault_bootstrap::tests::audit_volume_is_relabelled_for_userns_drift ... ok
test vault_bootstrap::tests::audit_volume_targets_the_path_the_entrypoint_writes_to ... ok
test vault_bootstrap::tests::audit_volume_uses_the_supplied_host_dir_verbatim ... ok
test vault_bootstrap::tests::base32hex_encoder_matches_rfc4648_vectors ... ok
test vault_bootstrap::tests::client_signer_role_config_matches_design ... ok
test vault_bootstrap::tests::delivered_share_check_decides_every_branch ... ok
test vault_bootstrap::tests::delivery_without_a_share_leaves_the_wipe_predicate_able_to_fire ... ok
test vault_bootstrap::tests::drain_destroys_material_whose_container_has_exited ... ok
test vault_bootstrap::tests::drain_destroys_material_with_no_owning_container ... ok
test vault_bootstrap::tests::drain_keeps_material_when_owner_state_is_unreadable ... ok
test vault_bootstrap::tests::drain_keeps_material_whose_container_is_still_running ... ok
test vault_bootstrap::tests::drain_resolves_a_mixed_batch_per_entry ... ok
test vault_bootstrap::tests::empty_handover_reply_does_not_close_first_boot_retry_window ... ok
test vault_bootstrap::tests::ensure_never_speculatively_replaces_existing_unseal_secret ... ok
test vault_bootstrap::tests::every_minted_policy_write_passes_the_sign_wildcard_guard ... ok
test tests::write_forge_gitconfig_states_why_no_redirect_was_written ... ok
test vault_bootstrap::tests::exited_owner_is_still_destroyed ... ok
test vault_bootstrap::tests::existing_vault_requires_both_newest_policy_and_agent_role_migrations ... ok
test vault_bootstrap::tests::git_mirror_agent_role_and_secret_issuances_are_distinct ... ok
test vault_bootstrap::tests::github_token_auto_rotation_backoff_is_bounded ... ok
test tests::write_forge_gitconfig_wires_ssh_push_lane_when_enabled ... ok
test vault_bootstrap::tests::a_malformed_rejection_leaves_the_wipe_predicate_as_it_was ... ok
test vault_bootstrap::tests::a_malformed_share_is_rejected_and_not_stored ... ok
test vault_bootstrap::tests::github_token_auto_rotation_due_token_rotates_once_refresh_first ... ok
test vault_bootstrap::tests::github_token_auto_rotation_needs_no_session_and_refuses_in_a_forge ... ok
test vault_bootstrap::tests::a_matching_share_and_an_unverifiable_share_are_accepted_and_stored ... ok
test vault_bootstrap::tests::github_token_auto_rotation_refresh_expiry_warns_once_a_day ... ok
test vault_bootstrap::tests::github_token_auto_rotation_not_due_makes_no_exchange ... ok
test vault_bootstrap::tests::a_mismatched_share_keeps_the_wipe_predicate_true ... ok
test vault_bootstrap::tests::handover_persist_guard_rejects_garbage ... ok
test vault_bootstrap::tests::github_token_auto_rotation_rejected_refresh_keeps_the_old_pair ... ok
test vault_bootstrap::tests::host_push_identity_is_distinct_from_the_forge ... ok
test vault_bootstrap::tests::host_delivered_share_is_persisted_not_only_the_token ... ok
test vault_bootstrap::tests::host_push_role_keeps_the_enclave_source_address ... ok
test vault_bootstrap::tests::host_signer_role_name_equals_its_policy_name ... ok
test vault_bootstrap::tests::host_signer_role_config_certifies_exactly_one_opaque_hostname ... ok
test vault_bootstrap::tests::in_vm_vault_endpoint_has_no_loopback_publish_dependency ... ok
test vault_bootstrap::tests::in_vm_init_persists_both_credential_fallbacks ... ok
test vault_bootstrap::tests::handover_token_is_shredded_before_unlink ... ok
test vault_bootstrap::tests::keyring_delete_no_entry_is_already_absent_and_platform_failure_fails ... ok
test vault_bootstrap::tests::minted_policies_grant_exact_sign_paths_and_never_a_wildcard ... ok
test vault_bootstrap::tests::mirror_identity_derivations_are_exact ... ok
test vault_bootstrap::tests::no_refresh_token_is_reported_and_github_is_not_called ... ok
test vault_bootstrap::tests::minted_mirror_ids_are_20_char_base32hex_unique_and_dns_safe ... ok
test vault_bootstrap::tests::partial_init_wipe_line_names_store_share_and_loss ... ok
test vault_bootstrap::tests::policy_role_names_match_spec ... ok
test vault_bootstrap::tests::post_heal_classifier_escalates_deep_skew ... ok
test vault_bootstrap::tests::host_signer_approle_binds_exactly_one_policy ... ok
test vault_bootstrap::tests::partial_init_wipe_line_is_not_debug_gated ... ok
test vault_bootstrap::tests::github_token_auto_rotation_scheduler_starts_once_per_process ... ok
test vault_bootstrap::tests::provisioning_keeps_agent_role_separate_from_one_shot_roles ... ok
test vault_bootstrap::tests::provision_mirror_identity_refuses_a_corrupt_stored_id ... ok
test vault_bootstrap::tests::provision_mirror_identity_reads_existing_id_without_any_write ... ok
test vault_bootstrap::tests::rotation_stores_the_refresh_record_first_then_the_token ... ok
test vault_bootstrap::tests::running_owner_is_never_destroyed ... ok
test vault_bootstrap::tests::the_guest_podman_secret_leads_the_shamir_candidates ... ok
test vault_bootstrap::tests::root_token_heal_never_wipes_storage ... ok
test vault_bootstrap::tests::unreadable_owner_state_keeps_the_material ... ok
test vault_bootstrap::tests::the_token_record_never_carries_the_refresh_token ... ok
test vault_bootstrap::tests::unseal_key_rejection_classifier_requires_positive_signal ... ok
test vault_bootstrap::tests::unseal_recovery_write_decision_never_writes_a_proven_failing_key ... ok
test vault_bootstrap::tests::vault_api_base_url_honors_env_override ... ok
test vault_bootstrap::tests::reset_disposition_follows_the_keyring_ruling_and_spec_tokens ... ok
test vault_bootstrap::tests::unseal_recovery_seam_is_one_shot_and_never_touches_storage ... ok
test vault_bootstrap::tests::vault_exec_command_sets_required_env_and_hides_token ... ok
test vault_bootstrap::tests::vault_entrypoint_mounts_both_ssh_signer_engines_and_generates_cas ... ok
test vault_bootstrap::tests::vault_launch_requires_the_content_addressed_image_tag ... ok
test vault_bootstrap::tests::first_provision_mints_roles_policies_and_persists_with_cas ... ok
test vault_bootstrap::tests::vault_bringup_routes_through_root_token_heal_seam ... ok
test vault_bootstrap::tests::vault_launch_uses_network_alias_without_singleton_ip ... ok
test vault_bootstrap::tests::vault_launch_selinux_label_is_conditional_not_unconditional ... ok
test vault_bootstrap::tests::vault_ready_wait_uses_podman_health ... ok
test vault_bootstrap::tests::vault_launch_serializes_and_replaces_stale_name_holder ... ok
test vault_bootstrap::tests::vault_tls_leaf_san_includes_service_dns ... ok
test xdg_runtime_dir_tests::corrects_the_mode_of_an_existing_runtime_dir ... ok
test xdg_runtime_dir_tests::creates_a_missing_runtime_dir_at_0700 ... ok
test vault_bootstrap::tests::vault_run_args_use_replace_for_idempotency ... ok
test xdg_runtime_dir_tests::unset_variable_is_a_noop ... ok
test vault_bootstrap::tests::vault_secret_create_uses_atomic_replace_not_racy_rm_create ... ok
test vault_bootstrap::tests::losing_the_cas_race_adopts_the_winning_identity ... ok
test tests::every_interactive_agent_lane_pins_term_across_the_container_boundary ... ok
test vault_bootstrap::tests::github_token_auto_rotation_concurrent_checks_exchange_once ... ok
test tests::forge_agent_mounts_durable_spec_index_volume_read_only ... ok
test tests::forge_agent_mounts_persistent_tool_cache_named_volume ... ok
test vault_bootstrap::tests::rotation_refuses_while_another_holds_the_rotation_lock ... ok
test tests::forge_agent_run_args_export_debug_when_requested ... ok
test tests::forge_agent_run_args_never_replace_a_running_sibling ... ok
test tests::forge_agent_run_argv_exports_project_selection ... ok
test tests::forge_credential_quarantine_mounts_present ... ok
test tests::forge_launch_args_export_exact_harness_identity ... ok
test vault_bootstrap::cloudflare_token_rotation_tests::cloudflare_token_rotation_refresh_write_failure_keeps_old_pair ... ok
test tests::forge_mounts_scoped_vault_lease_for_every_credentialed_mode ... ok
test tests::forge_repo_gitdir_quarantines_local_config_and_preserves_shared_state_mounts ... ok
test tests::launch_forge_agent_does_not_mount_user_home ... ok
test tests::source_built_init_and_status_check_smoke_uses_fake_podman ... ok

test result: ok. 758 passed; 0 failed; 20 ignored; 0 measured; 0 filtered out; finished in 5.09s

     Running unittests src/bin/tillandsias-fake-cloudflare.rs (target/debug/deps/tillandsias_fake_cloudflare-f9750abd80607a82)

running 0 tests

test result: ok. 0 passed; 0 failed; 0 ignored; 0 measured; 0 filtered out; finished in 0.00s

     Running tests/cache_peer_routing.rs (target/debug/deps/cache_peer_routing-7919e06448903ab5)

running 10 tests
test test_cache_peer_access_rules ... ok
test test_cache_peer_directive_syntax ... ok
test test_cache_peer_documentation ... ok
test test_cache_peer_no_query_setting ... ok
test test_cache_peer_enclave_network_addressing ... ok
test test_cache_peer_unique_identifier ... ok
test test_localhost_subdomain_acl_definition ... ok
test test_never_direct_localhost_rule ... ok
test test_https_connect_method_for_localhost ... ok
test test_proxy_egress_isolation_tcp_reset ... ok

test result: ok. 10 passed; 0 failed; 0 ignored; 0 measured; 0 filtered out; finished in 0.00s

     Running tests/e2e_user_flow.rs (target/debug/deps/e2e_user_flow-5d63c08bda0cb6fd)

running 6 tests
test test_app_lifecycle_events_emitted ... ok
test test_concurrent_signal_delivery ... ok
test test_graceful_shutdown_sla ... ok
test test_rapid_init_idempotent ... ok
test test_restart_cycle_no_leaks ... ok
test test_json_output_well_formed ... ok

test result: ok. 6 passed; 0 failed; 0 ignored; 0 measured; 0 filtered out; finished in 0.00s

     Running tests/error_recovery.rs (target/debug/deps/error_recovery-fe43ea034c105179)

running 15 tests
test test_cache_corruption_missing_file ... ok
test test_low_disk_space_detection ... ok
test test_cache_corruption_detection ... ok
test test_cache_recovery_deletion ... ok
test test_cache_corruption_multiple_files ... ok
test test_startup_error_message_informativeness ... ok
test test_timeout_values_reasonable ... ok
test test_proxy_unreachable_error_message ... ok
test test_network_timeout_handling ... ok
test test_window_cleanup_on_error ... ok
test test_symlink_validation_single_syscall ... ok
test test_large_project_discovery ... ok
test test_podman_availability_detection ... ok
test test_podman_error_message_clarity ... ok
test test_missing_image_error_handling ... ok

test result: ok. 15 passed; 0 failed; 0 ignored; 0 measured; 0 filtered out; finished in 0.10s

     Running tests/hold_window.rs (target/debug/deps/hold_window-d41888582720a0b5)

running 4 tests
test a_failed_lane_exit_holds_the_window_and_passes_the_code_through ... ok
test the_lane_is_told_the_host_holds_the_window ... ok
test a_clean_lane_exit_holds_the_window_until_enter ... ok
test a_lane_that_cannot_start_still_holds ... ok

test result: ok. 4 passed; 0 failed; 0 ignored; 0 measured; 0 filtered out; finished in 0.72s

     Running tests/network_validation.rs (target/debug/deps/network_validation-1e6d38d13ea71650)

running 8 tests
test test_certificate_validation_https_success ... ok
test test_cache_behavior_varying_sizes ... ok
test test_localhost_subdomain_handling ... ok
test test_cache_control_headers_respected ... ok
test test_proxy_cache_hit_rate_growth ... ok
test test_squid_allowlist_enforcement ... ok
test test_proxy_latency_bounded ... ok
test test_proxy_concurrent_stats_tracking ... ok

test result: ok. 8 passed; 0 failed; 0 ignored; 0 measured; 0 filtered out; finished in 0.00s

     Running tests/proxy_cache_policy.rs (target/debug/deps/proxy_cache_policy-5c167005dd0333ec)

running 3 tests
test ssl_bump_is_step_scoped_to_one_exact_release_asset_host ... ok
test cache_can_hold_the_observed_asset_without_overriding_origin_policy ... ok
test bumped_origin_tls_and_signed_url_logs_fail_closed ... ok

test result: ok. 3 passed; 0 failed; 0 ignored; 0 measured; 0 filtered out; finished in 0.00s

     Running tests/rapid_project_switch.rs (target/debug/deps/rapid_project_switch-44d25968727c1b14)

running 4 tests
test test_rapid_project_switch_no_panics ... ok
test test_rapid_switch_menu_item_count_stable ... ok
test test_rapid_switch_no_stale_menu_data ... ok
test test_concurrent_rapid_switches ... ok

test result: ok. 4 passed; 0 failed; 0 ignored; 0 measured; 0 filtered out; finished in 0.00s

     Running tests/rapid_project_switch_v2.rs (target/debug/deps/rapid_project_switch_v2-7aa7c65324e98534)

running 9 tests
test test_concurrent_attach_different_projects_rapid ... ok
test test_menu_consistency_after_rejected_switch ... ok
test test_concurrent_attach_same_project_rapid ... ok
test test_menu_consistency_with_varied_projects ... ok
test test_no_stale_cache_across_rapid_switches ... ok
test test_lifecycle_state_guards_enforce_transitions ... ok
test test_menu_item_integrity_across_switches ... ok
test test_stress_20_rapid_switches_under_500ms ... ok
test test_concurrent_rapid_switches_thread_safe ... ok

test result: ok. 9 passed; 0 failed; 0 ignored; 0 measured; 0 filtered out; finished in 0.00s

     Running tests/signal_handling.rs (target/debug/deps/signal_handling-44c3967546596bde)

running 2 tests
test test_signal_handling_sigint ... ok
test test_signal_handling_sigterm ... ok

test result: ok. 2 passed; 0 failed; 0 ignored; 0 measured; 0 filtered out; finished in 1.55s

     Running tests/singleton_coexistence.rs (target/debug/deps/singleton_coexistence-8c1fa1f6d486f288)

running 1 test
test test_cli_coexistence_with_tray ... ok

test result: ok. 1 passed; 0 failed; 0 ignored; 0 measured; 0 filtered out; finished in 0.01s

     Running tests/stress_concurrent_operations.rs (target/debug/deps/stress_concurrent_operations-e8506b4ee3be380d)

running 6 tests
test test_stress_container_scaling ... ok
test test_stress_no_resource_leaks ... ok
test test_stress_state_transitions_no_deadlock ... ok
test test_stress_deadlock_detection ... ok
test test_stress_concurrent_attach_detach ... ok
test test_stress_state_consistency ... ok

test result: ok. 6 passed; 0 failed; 0 ignored; 0 measured; 0 filtered out; finished in 0.00s

     Running tests/vault_approle_provisioning.rs (target/debug/deps/vault_approle_provisioning-0719f483d11316b5)

running 2 tests
test write_github_token_round_trips_through_kv_v2_envelope ... ok
test vault_bootstrap_mints_approle_tokens_for_each_role ... ok

test result: ok. 2 passed; 0 failed; 0 ignored; 0 measured; 0 filtered out; finished in 0.01s

     Running tests/vsock_listener_e2e.rs (target/debug/deps/vsock_listener_e2e-7cc3701f9f299777)

running 0 tests

test result: ok. 0 passed; 0 failed; 0 ignored; 0 measured; 0 filtered out; finished in 0.00s

     Running unittests src/lib.rs (target/debug/deps/tillandsias_host_shell-86f90602d5a20e84)

running 96 tests
test locale_strings_tests::generated_layer_carries_the_en_corpus ... ok
test menu_action::tests::resolves_agent_selection ... ok
test menu_action::tests::resolves_legacy_attach_verb_as_claude ... ok
test menu_action::tests::resolves_per_project_maintenance ... ok
test menu_action::tests::resolves_per_project_agent_verbs ... ok
test menu_action::tests::resolves_project_name_with_dots ... ok
test menu_action::tests::resolves_per_project_web_and_observatorium ... ok
test menu_action::tests::resolves_static_ids ... ok
test menu_action::tests::submenu_header_and_unknown_ids_are_inert ... ok
test locale_strings_tests::sparse_locales_are_normal_and_do_not_break_the_build ... ok
test menu_state::tests::cloud_page_size_env_var_parses_or_is_absent ... ok
test menu_state::tests::build_emits_exactly_the_approved_top_level_id_set ... ok
test lifecycle::tests::start_transitions_idle_to_ready ... ok
test menu_state::tests::cloud_projects_empty_distinguishes_loading_from_confirmed_empty ... ok
test lifecycle::tests::stop_drains_then_calls_runtime_stop_even_when_wire_dead ... ok
test menu_state::tests::failed_menu_carries_retry_and_open_log ... ok
test menu_state::tests::cloud_projects_under_cap_show_no_overflow ... ok
test menu_state::tests::failed_status_label_truncates_at_80_chars ... ok
test menu_state::tests::initial_menu_uses_short_boot_status ... ok
test menu_state::tests::initial_provisioning_menu_has_status_and_quit_only ... ok
test menu_state::tests::logged_out_menu_collapses_to_login_leaf ... ok
test menu_state::tests::logged_out_menu_shows_setting_up_when_runtime_not_ready ... ok
test menu_state::tests::logging_in_menu_shows_disabled_logging_in_row ... ok
test menu_state::tests::unknown_login_distinguishes_the_two_waits ... ok
test menu_state::tests::top_level_id_sequence_is_pinned_for_all_platforms ... ok
test pty::attach_client::tests::mode_reset_never_clears_the_screen ... ok
test pty::attach_client::tests::screen_home_clears_and_homes ... ok
test menu_state::tests::unobserved_login_is_never_an_actionable_leaf ... ok
test provisioning::report_event_tests::default_report_event_adapts_to_report_message ... ok
test pty::attach_client::tests::screen_home_is_written_once_at_attach_and_never_at_teardown ... ok
test menu_state::tests::no_page_link_is_ever_childless ... ok
test menu_state::tests::menu_structure_matches_linux_tray_parity ... ok
test pty::attach_client::tests::messages_are_fixed_size ... ok
test menu_state::tests::paged_fallback_still_fans_out_and_reaches_every_project ... ok
test provisioning::tests::ensure_vm_provisioned_returns_needs_when_no_server ... ok
test pty::attach_client::tests::unknown_tag_decodes_to_none ... ok
test pty::attach_client::tests::mode_reset_covers_mouse_altscreen_cursor ... ok
test menu_state::tests::tray_status_chip_clamps_to_37_chars ... ok
test menu_state::tests::terminal_provisioning_failure_renders_a_real_retry_control ... ok
test menu_state::tests::reset_guest_leaf_absent_in_every_state ... ok
test pty::tests::channel_transport_enqueues_outbound_in_order ... ok
test pty::tests::channel_transport_full_is_backpressure_error ... ok
test pty::attach_client::tests::session_msg_roundtrip ... ok
test pty::tests::empty_argv_is_rejected ... ok
test pty::attach_client::tests::screen_home_preserves_scrollback ... ok
test pty::tests::intent_for_action_maps_clickable_menu_items ... ok
test provisioning::tests::phase_text_matches_verbatim_spec_strings ... ok
test pty::tests::chunking_caps_at_max_frame ... ok
test menu_state::tests::per_project_leaves_enabled_when_podman_ready ... ok
test pty::tests::launch_spec_cloud_project_uses_orchestrated_headless_flow ... ok
test pty::tests::launch_spec_maps_intents_to_in_vm_argv ... ok
test pty::tests::launch_spec_routes_project_clicks_through_orchestrated_launch ... ok
test menu_state::tests::per_project_leaves_disabled_when_podman_not_ready ... ok
test pty::tests::launch_spec_refuses_hostile_project_names ... ok
test pty::tests::launch_spec_still_accepts_legitimate_project_names ... ok
test pty::tests::session_ids_are_monotonic_from_one ... ok
test pty::tests::oversized_inbound_frame_rejected ... ok
test pty::tests::open_write_resize_close_roundtrip ... ok
test pty::tests::two_sessions_interleave_by_id ... ok
test pty::tests::validate_project_name_character_set_is_pinned ... ok
test pty::unix::tests::unix_pty_halves_are_async_io ... ok
test pty::unix::tests::unix_pty_master_satisfies_trait ... ok
test subscription_health::tests::redundant_set_does_not_wake_waiters ... ok
test subscription_health::tests::set_is_visible_to_is_healthy_and_subscribers ... ok
test subscription_health::tests::starts_unhealthy ... ok
test subscription_health::tests::closed_health_channel_restores_the_timer_even_when_suppressed ... ok
test subscription_health::tests::poll_request_wakes_a_timer_suppressed_wait ... ok
test subscription_health::tests::tick_after_wake_rewinds_on_drop_and_advances_on_timer ... ok
test pty::unix::tests::open_real_pty_yields_slave_path ... ok
test pty::unix::tests::master_read_errors_once_sole_external_slave_closes ... ok
test tests::version_reports_workspace_release_not_crate_static_zero_dot_one ... ok
test subscription_health::tests::tick_wait_wakes_early_only_on_subscription_drop ... ok
test subscription_health::tests::suppressed_timer_waits_only_for_a_real_poll_reason ... ok
test vsock_client::capability_tests::standard_capabilities_include_core_rpc_set ... ok
test subscription_health::tests::unsuppressed_timer_still_ends_the_wait_after_one_period ... ok
test vsock_client::capability_tests::standard_capabilities_include_pty_attach ... ok
test subscription_health::tests::transition_wakes_changed_waiter ... ok
test pty::tests::unknown_session_is_ignored ... ok
test vsock_client::push_stream_tests::next_envelope_reads_unsolicited_push_frames ... ok
test vsock_client::push_stream_tests::send_envelope_frames_subscribe_for_peer ... ok
test vsock_client::push_stream_tests::oversize_inbound_length_prefix_is_refused_with_the_original_error ... ok
test scanner::tests::scanner_initial_scan_surfaces_existing_projects ... ok
test vsock_client::push_stream_tests::oversize_outbound_envelope_is_refused_with_the_original_error ... ok
test vsock_client::push_stream_tests::inbound_frame_exactly_at_the_limit_is_accepted ... ok
test pty::tests::channel_transport_lossless_send_waits_out_a_full_queue ... ok
test pty::tests::pump_bridges_both_directions_and_closes ... ok
test provisioning::tests::ensure_vm_provisioned_returns_already_when_handshake_succeeds ... ok
test vsock_client::tests::capabilities_are_absent_before_handshake ... ok
test vsock_client::tests::handshake_succeeds_against_fake_unix_server ... ok
test vsock_client::tests::from_stream_handshake_drives_pre_opened_stream ... ok
test vsock_client::tests::handshake_refuses_a_server_advertising_a_different_wire_version ... ok
test locale_strings_tests::en_corpus_does_not_describe_the_shipped_tray ... ok
test vsock_client::tests::handshake_times_out_when_server_does_not_reply ... ok
test pty::tests::pump_input_eof_sends_pty_close ... ok
test pty::tests::pump_input_tolerates_pre_attach_eio ... ok
test scanner::tests::scanner_emits_event_when_project_added ... ok

test result: ok. 96 passed; 0 failed; 0 ignored; 0 measured; 0 filtered out; finished in 2.21s

     Running unittests src/lib.rs (target/debug/deps/tillandsias_litmus_rust-d07fbdf3a775898a)

running 14 tests
test bash_hazards::tests::negation_nests_inside_the_pipeline ... ok
test bash_hazards::tests::bracketed_pattern_cannot_match_its_own_shell ... ok
test bash_hazards::tests::comment_only_pipefail_is_not_a_hit ... ok
test bash_hazards::tests::a_negated_single_command_is_not_a_pipeline ... ok
test bash_hazards::tests::herestring_is_not_a_pipeline ... ok
test bash_hazards::tests::pgrep_needs_a_literal_not_a_variable ... ok
test bash_hazards::tests::pipefail_scope_is_per_function_not_per_file ... ok
test bash_hazards::tests::real_pipefail_is_a_hit ... ok
test bash_hazards::tests::trailing_tail_one_in_its_spellings ... ok
test tests::meaningless_param_name_is_detected ... ok
test bash_hazards::tests::redirections_do_not_hide_the_pipeline ... ok
test tests::tree_sitter_processor_parses_rust_and_accepts_body_contains_query ... ok
test tests::missing_usage_fails_param_used_query ... ok
test tests::syn_signature_accepts_required_param_and_type ... ok

test result: ok. 14 passed; 0 failed; 0 ignored; 0 measured; 0 filtered out; finished in 0.01s

     Running unittests src/main.rs (target/debug/deps/tillandsias_litmus_rust-86c0c83674f302f9)

running 0 tests

test result: ok. 0 passed; 0 failed; 0 ignored; 0 measured; 0 filtered out; finished in 0.00s

     Running unittests src/lib.rs (target/debug/deps/tillandsias_logging-ce7a9eb4db8337fb)

running 161 tests
test aggregator::tests::test_add_single_log_entry ... ok
test aggregator::tests::test_get_counts_by_level ... ok
test aggregator::tests::test_get_counts_by_container ... ok
test aggregator::tests::test_add_multiple_logs_from_different_containers ... ok
test aggregator::tests::test_filter_by_level ... ok
test aggregator::tests::test_get_logs_grouped_by_container ... ok
test aggregator::tests::test_get_logs_grouped_by_spec ... ok
test aggregator::tests::test_get_logs_by_container ... ok
test aggregator::tests::test_get_logs_by_multiple_containers ... ok
test aggregator::tests::test_get_all_logs_sorted_by_timestamp ... ok
test aggregator::tests::test_filter_by_container ... ok
test aggregator::tests::test_filter_by_spec ... ok
test aggregator::tests::test_clear_logs ... ok
test aggregator::tests::test_multiple_filters_combined ... ok
test aggregator::tests::test_filter_by_component ... ok
test aggregator::tests::test_aggregator_creation ... ok
test aggregator::tests::test_register_source ... ok
test aggregator::tests::test_get_logs_grouped_by_component ... ok
test budget_enforcer::tests::test_cost_estimation_matches_sampler ... ok
test aggregator::tests::test_get_logs_grouped_by_name ... ok
test budget_enforcer::tests::test_global_budget_enforcement ... ok
test budget_enforcer::tests::test_spec_budget_defaults_to_default_limit ... ok
test event_collector::tests::test_container_metrics_event_creation ... ok
test cardinality::tests::test_cardinality_warning_emission ... ok
test cardinality::tests::test_cardinality_analyzer_empty_file ... ok
test event_collector::tests::test_container_metrics_optional_fields_omitted ... ok
test config::tests::test_default_config ... ok
test event_collector::tests::test_container_metrics_full_event ... ok
test event_collector::tests::test_container_metrics_json_serialization ... ok
test config::tests::test_log_level_parsing ... ok
test budget_enforcer::tests::test_no_warning_when_below_budget ... ok
test budget_enforcer::tests::test_window_reset ... ok
test budget_enforcer::tests::test_per_spec_budget_enforcement ... ok
test event_collector::tests::test_event_collector_log_container_metrics ... ok
test event_collector::tests::test_container_metrics_timestamp_present ... ok
test budget_enforcer::tests::test_warning_only_issued_once_per_window ... ok
test event_collector::tests::test_container_metrics_with_cpu ... ok
test event_collector::tests::test_image_build_json_serialization ... ok
test budget_enforcer::tests::test_multiple_specs_independent_budgets ... ok
test event_collector::tests::test_container_metrics_with_io ... ok
test event_collector::tests::test_container_metrics_with_memory ... ok
test event_collector::tests::test_event_collector_validate_no_secrets_failure ... ok
test event_collector::tests::test_event_collector_log_window_lifecycle ... ok
test event_collector::tests::test_event_collector_validate_no_secrets_success ... ok
test event_collector::tests::test_events_include_spec_traces ... ok
test event_collector::tests::test_image_build_timestamp_present ... ok
test event_collector::tests::test_image_build_event_writer_retains_recent_jsonl ... ok
test event_collector::tests::test_image_build_with_context ... ok
test event_collector::tests::test_image_build_size_zero_omitted_from_json ... ok
test event_collector::tests::test_image_build_with_error ... ok
test event_collector::tests::test_image_build_event_creation ... ok
test event_collector::tests::test_container_metrics_with_network ... ok
test event_collector::tests::test_image_build_with_size ... ok
test event_collector::tests::test_secret_rotation_no_secret_values_in_json ... ok
test event_collector::tests::test_secret_rotation_timestamp_present ... ok
test event_collector::tests::test_secret_rotation_with_context ... ok
test event_collector::tests::test_image_build_lifecycle_schema_serialization ... ok
test event_collector::tests::test_image_build_error_summary_redacts_tokens_and_url_queries ... ok
test event_collector::tests::test_secret_rotation_event_creation ... ok
test event_collector::tests::test_multiple_image_build_events ... ok
test event_collector::tests::test_multiple_secret_rotation_events ... ok
test event_collector::tests::test_multiple_container_metrics_events ... ok
test event_collector::tests::test_secret_rotation_error_omitted_when_none ... ok
test event_collector::tests::test_multiple_window_lifecycle_events ... ok
test event_collector::tests::test_secret_rotation_with_reason ... ok
test event_collector::tests::test_secret_rotation_json_serialization ... ok
test event_collector::tests::test_tray_window_lifecycle_timestamp_present ... ok
test event_collector::tests::test_tray_window_lifecycle_event_creation ... ok
test event_collector::tests::test_tray_window_lifecycle_with_genus ... ok
test event_collector::tests::test_tray_window_lifecycle_full_event ... ok
test event_collector::tests::test_image_build_event_writer_appends_jsonl_with_lock ... ok
test event_collector::tests::test_secret_rotation_with_error ... ok
test event_collector::tests::test_tray_window_lifecycle_json_serialization ... ok
test event_collector::tests::test_tray_window_lifecycle_states ... ok
test event_collector::tests::test_tray_window_lifecycle_with_project ... ok
test event_collector::tests::test_tray_window_lifecycle_with_state_transition ... ok
test formatter::tests::test_filter_accountability_fields ... ok
test formatter::tests::test_format_accountability_event ... ok
test formatter::tests::test_format_compact_basic ... ok
test formatter::tests::test_format_with_context ... ok
test log_entry::tests::test_accountability_event ... ok
test log_entry::tests::test_json_serialization ... ok
test log_entry::tests::test_log_entry_child_span_context_attachment ... ok
test log_entry::tests::test_log_entry_creation ... ok
test log_entry::tests::test_log_entry_span_context_attachment ... ok
test log_entry::tests::test_log_entry_span_fields_omitted_when_none ... ok
test log_entry::tests::test_log_entry_with_parent_span_id ... ok
test log_entry::tests::test_log_entry_with_span_ids ... ok
test log_entry::tests::test_log_entry_span_fields_serialization ... ok
test log_entry::tests::test_schema_version_backwards_compatible ... ok
test log_entry::tests::test_schema_version_immutable ... ok
test log_entry::tests::test_schema_version_field_queryable ... ok
test logger::tests::test_accountability_flags ... ok
test log_entry::tests::test_schema_version_in_json_serialization ... ok
test query::tests::test_error_missing_filter ... ok
test query::tests::test_error_unclosed_brace ... ok
test query::tests::test_execute_count ... ok
test query::tests::test_execute_count_by ... ok
test query::tests::test_parse_avg_by ... ok
test query::tests::test_json_filter_execution ... ok
test query::tests::test_parse_count_aggregation ... ok
test query::tests::test_parse_multiple_filters ... ok
test query::tests::test_parse_json_contains ... ok
test query::tests::test_parse_json_filter ... ok
test query::tests::test_parse_simple_filter ... ok
test query::tests::test_parse_sum_by ... ok
test query::tests::test_parse_count_by ... ok
test rotation::tests::test_rotation_policy_default ... ok
test sampler::tests::test_cost_estimation_basic ... ok
test logger::tests::test_logger_creation ... ok
test sampler::tests::test_sampler_default_threshold ... ok
test sampler::tests::test_cost_estimation_with_context ... ok
test sampler::tests::test_sampler_threshold_configuration ... ok
test sampler::tests::test_sampler_below_threshold ... ok
test schema_validation::test_breaking_change_detection_baseline ... ok
test schema_validation::test_core_fields_present ... ok
test schema_validation::test_all_core_field_names_present ... ok
test schema_validation::test_accountability_serialization_stability ... ok
test logger::tests::test_logger_rotation_check ... ok
test schema_validation::test_context_field_flexibility ... ok
test schema_validation::test_forward_compatible_field_omission ... ok
test schema_validation::test_optional_fields_independent ... ok
test schema_validation::test_distributed_tracing_fields_optional ... ok
test schema_validation::test_unknown_field_tolerance ... ok
test schema_validation::test_json_field_ordering_consistent ... ok
test schema_validation::test_sampling_rate_field_optional ... ok
test span_context::tests::test_child_span_context ... ok
test schema_validation::test_schema_version_immutable_and_present ... ok
test rotation::tests::test_rotate_in_place ... ok
test schema_validation::test_spec_trace_format_stability ... ok
test span_context::tests::test_span_context_hierarchy ... ok
test rotation::tests::test_should_rotate_by_size ... ok
test span_context::tests::test_span_id_display_and_parsing ... ok
test span_context::tests::test_span_id_generation ... ok
test span_context::tests::test_thread_local_span_context ... ok
test span_context::tests::test_propagation_header_child_span ... ok
test span_context::tests::test_invalid_propagation_header ... ok
test span_context::tests::test_thread_local_span_context_child ... ok
test sampler::tests::test_sampler_window_reset ... ok
test span_context::tests::test_propagation_header_root_span ... ok
test span_context::tests::test_propagation_header_roundtrip_child ... ok
test span_context::tests::test_propagation_header_roundtrip_root ... ok
test span_context::tests::test_trace_id_generation ... ok
test span_context::tests::test_root_span_context ... ok
test span_context::tests::test_span_context_builder ... ok
test surface::tests::test_budget_status ... ok
test surface::tests::test_create_api ... ok
test surface::tests::test_filter_by_container ... ok
test sampler::tests::test_sampler_above_threshold_triggers_sampling ... ok
test surface::tests::test_filter_by_spec ... ok
test surface::tests::test_global_budget_status ... ok
test surface::tests::test_aggregation ... ok
test surface::tests::test_per_spec_costs ... ok
test surface::tests::test_sampling_status ... ok
test surface::tests::test_query_history ... ok
test sampler::tests::test_cost_estimation_large_context ... ok
test surface::tests::test_simple_query ... ok
test surface::tests::test_unified_emit_decision ... ok
test sampler::tests::test_sampling_rate_distribution ... ok
test cardinality::tests::test_cardinality_analyzer_respects_threshold ... ok
test cardinality::tests::test_cardinality_analyzer_detects_high_cardinality ... ok

test result: ok. 161 passed; 0 failed; 0 ignored; 0 measured; 0 filtered out; finished in 0.06s

     Running tests/event_coverage.rs (target/debug/deps/event_coverage-cee615776f426712)

running 22 tests
test test_event_coverage_obs021_window_lifecycle_detached ... ok
test test_event_coverage_obs022_container_metrics_basic ... ok
test test_event_coverage_obs022_container_metrics_optional_fields_not_present ... ok
test test_event_coverage_actor_identification ... ok
test test_event_coverage_obs022_container_metrics_with_io ... ok
test test_event_coverage_obs021_window_lifecycle_created ... ok
test test_event_coverage_mixed_event_types ... ok
test test_event_coverage_batch_container_metrics_events ... ok
test test_event_coverage_batch_window_lifecycle_events ... ok
test test_event_coverage_obs021_window_lifecycle_state_changed ... ok
test test_event_coverage_json_schema_consistency ... ok
test test_event_coverage_obs022_container_metrics_all_fields ... ok
test test_event_coverage_obs022_container_metrics_with_cpu ... ok
test test_event_coverage_obs021_window_lifecycle_attached ... ok
test test_event_coverage_spec_trace_presence ... ok
test test_event_coverage_zero_metric_values ... ok
test test_event_coverage_window_with_all_state_kinds ... ok
test test_event_coverage_large_metric_values ... ok
test test_event_coverage_obs022_container_metrics_with_network ... ok
test test_event_coverage_obs022_container_metrics_with_memory ... ok
test test_event_coverage_concurrent_event_creation ... ok
test test_event_coverage_obs021_multiple_windows_timestamp_ordering ... ok

test result: ok. 22 passed; 0 failed; 0 ignored; 0 measured; 0 filtered out; finished in 0.01s

     Running tests/schema_version_integration.rs (target/debug/deps/schema_version_integration-778a34ade4c65e0e)

running 11 tests
test test_schema_version_always_present_in_new_logs ... ok
test test_schema_version_immutable_across_variations ... ok
test test_schema_version_consistency_roundtrip ... ok
test test_schema_version_in_json_serialization ... ok
test test_schema_version_deserialization ... ok
test test_schema_version_with_sampling_metadata ... ok
test test_schema_version_in_pretty_json ... ok
test test_schema_version_with_all_optional_fields ... ok
test test_schema_version_with_span_context ... ok
test test_schema_version_json_field_order ... ok
test test_schema_version_with_all_builder_methods ... ok

test result: ok. 11 passed; 0 failed; 0 ignored; 0 measured; 0 filtered out; finished in 0.00s

     Running unittests src/main.rs (target/debug/deps/tillandsias_tray-a4d3099da1831a5f)

running 54 tests
test exec_guest_classify_tests::shell_shapes_stay_on_the_shell_arm ... ok
test exec_guest_argv_tests::join_contract ... ok
test exec_guest_classify_tests::absolute_clean_argv_goes_verbatim ... ok
test exec_guest_classify_tests::arguments_never_steer_the_arm ... ok
test exec_guest_classify_tests::traversal_is_refused_with_the_reason ... ok
test menu_disabled_v2::tests::render_failed_carries_retry_and_open_log_items ... ok
test menu_disabled_v2::tests::render_logged_out_collapses_to_login_leaf_on_macos ... ok
test menu_disabled_v2::tests::render_marks_observatorium_disabled_with_v2_tooltip_on_macos ... ok
test menu_disabled_v2::tests::render_marks_opencode_web_disabled_with_v2_tooltip_on_macos ... ok
test menu_disabled_v2::tests::render_propagates_checkmarks_for_agents ... ok
test menu_disabled_v2::tests::render_propagates_disabled_reason_into_tooltip ... ok
test menu_disabled_v2::tests::render_ready_top_level_matches_macos_parity_contract ... ok
test menu_disabled_v2::tests::render_ready_walks_cloud_projects_submenu ... ok
test menu_disabled_v2::tests::render_starts_with_status_item_disabled ... ok
test provision_error::tests::a_guest_record_with_no_fields_still_says_something ... ok
test provision_error::tests::an_unprefixed_fetch_error_is_image_setup_not_a_guess ... ok
test exec_guest_classify_tests::wrapper_and_empty_refusals_survive_the_new_arm ... ok
test provision_error::tests::five_faults_give_five_distinct_stage_named_texts ... ok
test provision_error::tests::the_space_refusal_is_named_as_disk_space_with_the_right_hint ... ok
test provision_progress::tests::an_unknown_total_is_activity_not_a_fake_fraction ... ok
test provision_progress::tests::menu_bar_bar_uses_the_tillandsia_palette ... ok
test provision_progress::tests::typed_events_map_totally_onto_renderer_states ... ok
test provision_progress::tests::percent_gate_repaints_once_per_percent ... ok
test terminal_attach::tests::apple_script_for_terminal_app_escapes_quotes_correctly ... ok
test terminal_attach::tests::applescript_escape_doubles_backslashes_and_quotes ... ok
test terminal_attach::tests::applescript_for_iterm2_writes_text_into_current_session ... ok
test terminal_attach::tests::attach_client_ends_with_banner_and_exit ... ok
test terminal_attach::tests::attach_client_escapes_paths_with_specials ... ok
test terminal_attach::tests::attach_client_never_invokes_ssh ... ok
test terminal_attach::tests::attach_window_title_is_human_readable ... ok
test terminal_attach::tests::attach_client_replaces_screen_and_stty ... ok
test terminal_attach::tests::attach_window_title_is_unique_per_session_socket ... ok
test terminal_attach::tests::bundle_ids_match_spec_scenario ... ok
test terminal_attach::tests::geometry_reply_parses_rows_by_cols ... ok
test terminal_attach::tests::geometry_reply_refuses_absence_and_degenerate_sizes ... ok
test terminal_attach::tests::geometry_snippet_escapes_its_title ... ok
test terminal_attach::tests::open_shell_stub_quotes_message_safely ... ok
test terminal_attach::tests::terminal_detection_falls_back_to_terminal_app_when_none_installed ... ok
test terminal_attach::tests::tagging_snippet_tags_the_tab_do_script_returned ... ok
test terminal_attach::tests::terminal_detection_falls_back_to_terminal_app_when_only_default_present ... ok
test terminal_attach::tests::terminal_detection_falls_back_to_warp_when_iterm2_absent ... ok
test terminal_attach::tests::terminal_detection_returns_iterm2_preferred_when_present ... ok
test tests::diagnose_wires_in_crashloop_verdict ... ok
test tests::singleton_guard_applies_only_to_appkit_tray_mode ... ok
test provision_progress::tests::vm_layer_no_longer_emits_percent_prose ... ok
test tests::provisioning_surfaces_use_live_qcow2_path ... ok
test tests::vm_booting_oneshots_guard_against_live_tray ... ok
test version_line_tests::version_line_uses_workspace_version_and_commit ... ok
test version_line_tests::workspace_version_is_not_the_frozen_crate_version ... ok
test tests::login_transitive_state_wiring_is_present ... ok
test tests::reset_guest_menu_wiring_absent_cli_and_worker_present ... ok
test tests::action_host_wires_in_crashloop_live_feed ... ok
test tests::modules_touching_siblings_or_unix_are_gated_on_macos ... ok
test terminal_attach::tests::a_query_that_never_answers_is_bounded_and_kills_its_child ... ok

test result: ok. 54 passed; 0 failed; 0 ignored; 0 measured; 0 filtered out; finished in 0.60s

     Running tests/cli_unknown_flags.rs (target/debug/deps/cli_unknown_flags-e12669d7ef47e18b)

running 0 tests

test result: ok. 0 passed; 0 failed; 0 ignored; 0 measured; 0 filtered out; finished in 0.00s

     Running tests/exec_guest_stdin.rs (target/debug/deps/exec_guest_stdin-cb0b50aa8e45beb3)

running 0 tests

test result: ok. 0 passed; 0 failed; 0 ignored; 0 measured; 0 filtered out; finished in 0.00s

     Running tests/github_login_expect_order.rs (target/debug/deps/github_login_expect_order-1d290d63206185bc)

running 0 tests

test result: ok. 0 passed; 0 failed; 0 ignored; 0 measured; 0 filtered out; finished in 0.00s

     Running unittests src/lib.rs (target/debug/deps/tillandsias_metrics-0e8d85c1a4da4754)

running 73 tests
test container::tests::parse_cpu_stat_extracts_usage_usec ... ok
test container::tests::container_metric_serde_roundtrip ... ok
test container::tests::parse_io_stat_empty_is_zero_totals ... ok
test container::tests::empty_ps_json_yields_empty_list ... ok
test container::tests::parse_io_stat_sums_across_devices ... ok
test dashboard::tests::emit_dashboard_metric_does_not_panic ... ok
test container::tests::unparseable_ps_json_yields_sentinel_error_entry ... ok
test container::tests::malformed_io_stat_line_is_error_not_partial_sum ... ok
test dashboard::tests::snapshot_empty_disks_is_zero ... ok
test dashboard::tests::snapshot_uses_worst_disk_percent ... ok
test container::tests::samples_rootful_machine_slice_scope ... ok
test dashboard::tests::snapshot_with_psi_available_copies_values ... ok
test container::tests::unreadable_memory_current_degrades_that_field_only ... ok
test dashboard::tests::snapshot_with_disk_io_aggregates_devices ... ok
test dashboard::tests::snapshot_with_psi_unavailable_leaves_zero ... ok
test dashboard::tests::snapshot_round_trips_json ... ok
test dashboard::tests::snapshot_json_includes_new_fields ... ok
test container::tests::missing_scope_reports_error_and_all_values_none ... ok
test models::tests::cpu_metric_invalid_out_of_range ... ok
test models::tests::cpu_metric_valid_in_range ... ok
test models::tests::disk_io_metric_invalid_negative_rate ... ok
test models::tests::disk_io_metric_invalid_over_100_percent ... ok
test models::tests::disk_io_metric_valid_range ... ok
test models::tests::disk_used_bytes_saturating_sub ... ok
test models::tests::disk_used_percent_typical ... ok
test models::tests::memory_used_percent_computes_correctly ... ok
test models::tests::memory_zero_total_does_not_panic ... ok
test models::tests::psi_metric_invalid_nan ... ok
test models::tests::psi_metric_invalid_out_of_range ... ok
test models::tests::psi_metric_unavailable_is_valid_zero ... ok
test container::tests::samples_rootless_user_slice_scope_via_glob_fallback ... ok
test models::tests::psi_metric_valid_in_range ... ok
test mount_io::tests::btrfs_anonymous_device_resolves_via_dev_source_fallback ... ok
test mount_io::tests::escaped_mount_point_is_decoded ... ok
test mount_io::tests::exact_mount_point_path_matches ... ok
test mount_io::tests::mount_io_metric_serde_roundtrip ... ok
test mount_io::tests::ext4_root_resolves_by_major_minor ... ok
test mount_io::tests::no_covering_mount_reports_unavailable ... ok
test prometheus_exporter::tests::test_empty_disks ... ok
test mount_io::tests::nested_mount_wins_longest_prefix_match ... ok
test mount_io::tests::tmpfs_reports_unavailable_never_fabricated_values ... ok
test prometheus_exporter::tests::test_escape_label_value ... ok
test sampler::tests::clamp_percent_handles_edges ... ok
test prometheus_exporter::tests::test_prometheus_exporter_no_job_label ... ok
test sampler::tests::aggregate_disk_io_empty_is_zero ... ok
test sampler::tests::diff_diskstats_computes_rates ... ok
test sampler::tests::diff_diskstats_handles_counter_wrap ... ok
test sampler::tests::parse_diskstats_line_extracts_columns ... ok
test sampler::tests::parse_diskstats_line_rejects_garbage ... ok
test sampler::tests::parse_psi_avg10_extracts_some_line ... ok
test prometheus_exporter::tests::test_prometheus_exporter_with_custom_job ... ok
test sampler::tests::parse_psi_avg10_returns_none_on_garbage ... ok
test prometheus_exporter::tests::test_prometheus_format_cpu_metric ... ok
test prometheus_exporter::tests::test_prometheus_format_memory_metric ... ok
test prometheus_exporter::tests::test_zero_metrics ... ok
test sampler::tests::aggregate_disk_io_sums_devices ... ok
test prometheus_exporter::tests::test_prometheus_format_disk_metric ... ok
test sampler::tests::archive_old_metrics_nonexistent_dir_is_ok ... ok
test sampler::tests::validate_interval_rejects_zero ... ok
test sampler::tests::archive_old_metrics_empty_dir_is_ok ... ok
test sampler::tests::archive_old_metrics_with_old_files ... ok
test sampler::tests::new_does_not_panic ... ok
test sampler::tests::sample_memory_returns_sane_values ... ok
test sampler::tests::sample_disk_io_missing_file_returns_empty ... ok
test sampler::tests::sample_psi_missing_dir_unavailable ... ok
test sampler::tests::sample_disk_io_returns_empty_on_first_call ... ok
test sampler::tests::collect_continuous_returns_immediately_on_zero_interval ... ok
test sampler::tests::ten_rapid_samples_do_not_panic ... ok
test sampler::tests::sample_disk_finds_at_least_one_mount ... ok
test sampler::tests::sample_psi_from_fixture ... ok
test sampler::tests::sample_cpu_returns_zeros_on_first_call ... ok
test sampler::tests::sample_disk_io_from_fixture ... ok
test sampler::tests::sample_cpu_after_warmup_in_range ... ok

test result: ok. 73 passed; 0 failed; 0 ignored; 0 measured; 0 filtered out; finished in 0.21s

     Running tests/integration_tests.rs (target/debug/deps/integration_tests-f0238a6e34c90ca5)

running 8 tests
test emit_dashboard_metric_callable ... ok
test sample_psi_runs_on_any_kernel ... ok
test sampler_survives_rapid_burst ... ok
test sample_disk_io_returns_reasonable_rates ... ok
test sampler_values_converge_to_reasonable_ranges ... ok
test dashboard_snapshot_from_real_sampler ... ok
test dashboard_snapshot_includes_disk_io_and_psi ... ok
test continuous_sampler_runs_without_panic ... ok

test result: ok. 8 passed; 0 failed; 0 ignored; 0 measured; 0 filtered out; finished in 0.36s

     Running unittests src/lib.rs (target/debug/deps/tillandsias_msg-45b347e6bbfe4976)

running 16 tests
test lanefs::tests::a_failed_sync_leaves_nothing_behind ... ok
test lanefs::tests::a_symlinked_subdirectory_is_refused_not_followed ... ok
test lanefs::tests::a_symlinked_file_is_not_read_and_not_listed ... ok
test lanefs::tests::a_fifo_does_not_hang_the_reader ... ok
test lanefs::tests::names_are_single_components ... ok
test shape::tests::first_line_needs_a_known_kind_and_three_parts ... ok
test shape::tests::over_600_bytes_is_refused ... ok
test shape::tests::ttl_bounds_are_60_to_604800 ... ok
test store::tests::labels_sanitize_to_the_address_alphabet ... ok
test store::tests::a_failed_fsync_is_not_seen_so_the_retry_delivers ... ok
test store::tests::ensure_receipt_attributes_by_mount_and_resolve_wildcard_fans_out ... ok
test shape::tests::nine_lines_are_refused_eight_pass ... ok
test shape::tests::a_well_formed_body_passes_and_names_its_kind ... ok
test shape::tests::evidence_lines_need_a_dash_and_a_ref ... ok
test shape::tests::each_secret_shape_is_named ... ok
test shape::tests::ordinary_prose_is_not_secret_shaped ... ok

test result: ok. 16 passed; 0 failed; 0 ignored; 0 measured; 0 filtered out; finished in 0.02s

     Running unittests src/lib.rs (target/debug/deps/tillandsias_otp-f266910fb12231d4)

running 21 tests
test tests::audit_log_value_field_is_constant_redacted_marker ... ok
test tests::issue_session_pushes_into_global_store ... ok
test tests::cookie_roundtrip_through_base64url ... ok
test tests::format_cookie_value_is_url_safe ... ok
test tests::format_set_cookie_header_attributes ... ok
test tests::login_data_url_wraps_base64_encoded_html ... ok
test tests::parse_cookie_value_rejects_an_over_long_cookie_instead_of_truncating ... ok
test tests::parse_cookie_value_rejects_invalid ... ok
test tests::secret_rotation_tracing_annotations_present ... ok
test tests::session_rotation_via_eviction_emits_events ... ok
test tests::login_form_html_targets_auth_endpoint_and_posts_otp ... ok
test tests::store_evict_expired_does_not_remove_active_entries ... ok
test tests::store_evict_expired_keeps_pending_within_deadline ... ok
test tests::store_evict_expired_removes_pending_after_deadline ... ok
test tests::store_evict_project_removes_all_entries_for_label ... ok
test tests::store_push_and_validate_promotes_pending_to_active ... ok
test tests::store_supports_three_concurrent_sessions_for_one_project ... ok
test tests::store_validate_rejects_unknown_cookie ... ok
test tests::store_validate_rejects_unknown_project ... ok
test tests::source_level_audit_no_unredacted_value_logging ... ok
test tests::generate_session_token_has_full_entropy ... ok

test result: ok. 21 passed; 0 failed; 0 ignored; 0 measured; 0 filtered out; finished in 0.01s

     Running unittests src/lib.rs (target/debug/deps/tillandsias_plan-8b122f68cbd436d7)

running 427 tests
test answer::tests::a_whole_corpus_serializes_the_envelope_exactly_as_before ... ok
test answer::tests::a_partial_corpus_names_what_the_fold_could_not_read ... ok
test answer::tests::a_deserialized_uncited_confident_envelope_is_a_violation ... ok
test answer::tests::epoch_formatting_is_correct ... ok
test answer::tests::a_resolvable_query_with_no_rows_is_unsupported_not_an_empty_answer ... ok
test answer::tests::head_sha_resolves_through_a_worktree_commondir_layout ... ok
test answer::tests::incompleteness_is_reported_beside_confidence_not_folded_into_it ... ok
test answer::tests::iso8601_parsing_round_trips_and_refuses_what_it_does_not_understand ... ok
test answer::tests::milestone_upstream_answer_excludes_satisfied_and_downstream_packets ... ok
test answer::tests::next_snippet_prefers_the_newest_event_over_the_stale_field ... ok
test answer::tests::owned_file_owners_separates_active_claims_from_open_rows ... ok
test answer::tests::a_reader_standing_on_the_answers_commit_is_same_and_spans_transfer ... ok
test answer::tests::freshness_for_a_checkout_root_is_that_checkouts_head ... ok
test answer::tests::release_ready_answer_never_leaks_another_release ... ok
test answer::tests::span_substantiation_accepts_both_grammars_and_rejects_prefixes ... ok
test answer::tests::an_uncommitted_edit_drifts_even_when_the_commits_agree ... ok
test answer::tests::the_default_citation_commit_never_overwrites_a_retrieved_frame ... ok
test answer::tests::an_underivable_stamped_relation_is_left_alone_rather_than_refused ... ok
test answer::tests::a_span_that_moved_under_the_reader_is_stale_and_names_the_drifted_path ... ok
test answer::tests::zero_citations_is_always_unsupported_never_a_guess ... ok
test append_event_shape_tests::append_event_reaches_both_packet_shapes_and_respects_item_boundaries ... ok
test answer::tests::a_file_that_shrank_under_the_reader_is_stale_not_a_violation ... ok
test bash_policy::tests::inline_smoke_env_preauthorises_soft_reset_on_bare_metal_only ... ok
test answer::tests::a_citation_in_the_callers_future_is_stale_with_a_fetch_instruction_not_a_fabrication ... ok
test bash_policy::tests::heredoc_quoting_decides ... ok
test answer::tests::a_range_past_the_end_of_the_file_at_its_own_commit_is_not_rescued ... ok
test branch_discipline::tests::bad_seeds_are_refused_with_a_reason ... ok
test branch_discipline::tests::shared_providers_match_fleet_activity ... ok
test branch_discipline::tests::the_floor_refuses_nothing ... ok
test branch_discipline::tests::the_seed_targets_each_platform ... ok
test command_policy::tests::a_different_argv_is_refused_by_name_and_the_token_survives_for_its_own_run ... ok
test command_policy::tests::a_fixture_write_into_the_git_dir_or_out_of_scope_is_refused ... ok
test command_policy::tests::a_foreign_host_or_expired_token_is_refused_and_deleted ... ok
test command_policy::tests::a_forge_is_not_self_declared ... ok
test command_policy::tests::a_looser_seed_rule_cannot_win_at_evaluation_either ... ok
test command_policy::tests::a_seed_may_not_allow_a_fixture_rule ... ok
test command_policy::tests::a_seed_that_loosens_is_refused_whole_and_one_that_tightens_applies ... ok
test command_policy::tests::a_token_approves_one_run_of_its_exact_argv_and_a_replay_asks_again ... ok
test command_policy::tests::a_token_is_never_honoured_without_bare_metal_evidence ... ok
test command_policy::tests::an_agent_door_cannot_mint_consent ... ok
test command_policy::tests::consent_source_names_all_three_ways_and_nothing_else ... ok
test command_policy::tests::credential_mutations_are_denied_and_status_is_not ... ok
test command_policy::tests::default_deny_names_the_rule_to_add_and_quiet_days_does_not_flip ... ok
test bash_policy::tests::pipelines ... ok
test command_policy::tests::exit_codes_follow_the_decision ... ok
test command_policy::tests::fixture_argv_rules_target_the_real_repo_only ... ok
test command_policy::tests::force_push_to_a_protected_ref_needs_consent ... ok
test command_policy::tests::minting_is_refused_in_a_forge_or_ci_by_variable_or_evidence ... ok
test command_policy::tests::git_dirs_of_reads_a_linked_worktree_without_git ... ok
test command_policy::tests::resets_split_soft_and_hard_per_host_kind ... ok
test command_policy::tests::rm_outside_the_workspace_needs_consent_and_inside_does_not ... ok
test command_policy::tests::shell_strings_are_denied_and_a_script_file_is_not ... ok
test command_policy::tests::tokens_never_reach_refusal_text ... ok
test branch_discipline::tests::check_ref_classifies_at_each_rules_enforcement ... ok
test expert_serve::tests::completion_json_is_openai_shaped_with_the_entry_frame ... ok
test command_policy::tests::the_smoke_skill_env_preauthorises_soft_reset_only ... ok
test expert_serve::tests::last_user_content_handles_string_and_part_forms ... ok
test expert_serve::tests::models_json_lists_exactly_the_five_domains ... ok
test expert_serve::tests::sse_body_frames_chunks_and_terminates_with_done ... ok
test experts_probe::tests::default_port_is_applied_when_absent ... ok
test experts_probe::tests::hostname_endpoints_are_usable_the_socketaddr_trap_is_gone ... ok
test experts_probe::tests::https_is_named_not_silently_dropped ... ok
test experts_probe::tests::l0_is_ready_even_with_nothing_configured ... ok
test experts_probe::tests::l1_needs_an_index_not_just_an_endpoint ... ok
test experts_probe::tests::malformed_is_distinguished_from_unset_and_from_scheme ... ok
test experts_probe::tests::root_url_advice_names_the_v1_distinction ... ok
test experts_probe::tests::scheme_advice_prefers_synth_then_embed_and_never_emits_two ... ok
test experts_probe::tests::unset_and_blank_are_unset_not_malformed ... ok
test experts_probe::tests::verdict_is_exactly_one_line ... ok
test forgotten::tests::forgotten_breaks_full_ties_on_packet_id ... ok
test forgotten::tests::forgotten_is_reproducible_without_a_seed ... ok
test forgotten::tests::forgotten_prefers_the_leaf_at_equal_age ... ok
test forgotten::tests::forgotten_puts_eventless_packets_first_oldest_order_first ... ok
test forgotten::tests::forgotten_ranks_evented_packets_by_descending_age ... ok
test fragments::capability_matrix_tests::a_hosts_later_contribution_replaces_its_earlier_one ... ok
test fragments::capability_matrix_tests::a_present_unusable_device_contributes_no_triple_but_stays_visible ... ok
test fragments::capability_matrix_tests::a_row_without_a_host_id_is_skipped ... ok
test fragments::capability_matrix_tests::an_engine_that_does_not_support_the_class_yields_no_triple ... ok
test fragments::capability_matrix_tests::an_exact_timestamp_tie_is_broken_by_host ... ok
test answer::tests::repeated_citations_of_one_file_still_see_the_frame_where_it_drifted ... ok
test fragments::capability_matrix_tests::an_interior_base_splice_does_not_change_lww_precedence ... ok
test fragments::capability_matrix_tests::an_unlocated_row_is_reported_rather_than_dropped ... ok
test bash_policy::tests::strings_and_floor ... ok
test fragments::capability_matrix_tests::engine_lanes_scope_triples_and_absent_lanes_mean_every_lane ... ok
test fragments::capability_matrix_tests::fragments_without_the_channel_are_ignored ... ok
test answer::tests::a_stamped_caller_relation_that_the_dag_contradicts_is_a_violation ... ok
test fragments::capability_matrix_tests::hosts_sharing_a_kernel_release_do_not_collapse ... ok
test fragments::capability_matrix_tests::hardware_groups_report_whether_a_substrate_control_actually_exists ... ok
test fragments::capability_matrix_tests::the_base_reaches_the_fold_without_any_caller_side_preparation ... ok
test fragments::capability_matrix_tests::triples_come_from_usable_devices_with_lanes ... ok
test fragments::capability_matrix_tests::the_locus_key_does_not_disable_lww_within_a_locus ... ok
test fragments::capability_matrix_tests::the_fold_is_order_independent ... ok
test fragments::capability_matrix_tests::two_hosts_both_survive_the_fold ... ok
test fragments::capability_matrix_tests::two_contexts_observing_one_machine_do_not_overwrite_each_other ... ok
test fragments::capability_matrix_tests::usable_without_a_lane_is_not_schedulable ... ok
test fragments::closure_ladder_compaction_tests::replace_acknowledgement_goes_on_the_status_row_only ... ok
test fragments::closure_ladder_compaction_tests::fold_keeps_the_higher_rung_without_a_falsified_event ... ok
test fragments::closure_ladder_compaction_tests::a_same_fragment_falsified_event_still_permits_the_downgrade ... ok
test fragments::closure_ladder_compaction_tests::compaction_candidate_keeps_the_higher_rung_too ... ok
test fragments::compaction_text_tests::a_fold_divergence_names_the_packet_and_field_not_both_ledgers ... ok
test fragments::compaction_text_tests::a_fields_spelled_rung_lowering_write_is_refused_and_reported ... ok
test fragments::compaction_text_tests::a_folded_event_timestamp_is_quoted_so_yaml11_readers_do_not_see_a_time ... ok
test fragments::compaction_text_tests::a_fields_spelled_correction_survives_the_compaction_round_trip ... ok
test fragments::compaction_text_tests::base_packet_lww_replaces_only_the_non_scalar_field_span ... ok
test answer::tests::a_fabricated_span_is_not_laundered_by_naming_a_commit ... ok
test fragments::compaction_text_tests::compaction_refuses_when_the_final_list_item_is_not_a_packet ... ok
test fragments::compaction_text_tests::compaction_is_idempotent_so_a_half_finished_run_is_safe ... ok
test fragments::compaction_text_tests::compaction_preserves_comments_and_indentation_and_matches_the_fold ... ok
test fragments::compaction_text_tests::is_yaml11_timestamp_rejects_prose_and_keeps_real_timestamps ... ok
test fragments::compaction_text_tests::push_events_equals_sequential_push_event ... ok
test fragments::compaction_text_tests::fragment_born_packet_bakes_non_scalar_lww_winners_into_its_new_item ... ok
test fragments::measurement_comparability_tests::a_document_without_measurements_partitions_empty ... ok
test fragments::measurement_comparability_tests::a_stated_suite_against_an_unstated_one_is_refused ... ok
test fragments::compaction_text_tests::the_set_of_fragment_channels_under_test_is_the_set_the_folder_reads ... ok
test fragments::measurement_comparability_tests::an_empty_locus_counts_as_absent ... ok
test fragments::measurement_comparability_tests::an_unlocated_measurement_is_refused_not_defaulted ... ok
test fragments::measurement_comparability_tests::one_locus_and_one_suite_is_comparable ... ok
test fragments::measurement_comparability_tests::different_workloads_are_refused_at_a_common_locus ... ok
test fragments::measurement_comparability_tests::two_loci_are_refused_even_for_the_same_suite_and_machine ... ok
test fragments::measurement_comparability_tests::two_records_both_omitting_the_suite_remain_comparable ... ok
test fragments::compaction_text_tests::every_known_fragment_channel_survives_a_compaction_round_trip ... ok
test fragments::compaction_text_tests::a_timestamp_valued_label_line_in_a_summary_survives_compaction ... ok
test expert_serve::tests::integration_refusal_models_404_and_shutdown ... ok
test fragments::measurement_comparability_tests::unlocated_measurements_are_partitioned_with_a_reason ... ok
test fragments::overlay_citation_tests::a_fragment_only_packet_cites_the_fragment_that_created_it ... ok
test fragments::overlay_citation_tests::a_fragment_only_packet_is_queryable_but_carries_no_fabricated_span ... ok
test fragments::overlay_citation_tests::a_corpus_of_only_unparseable_fragments_still_reports_them ... ok
test fragments::overlay_citation_tests::an_lww_override_cites_the_winning_fragment_never_the_stale_base_span ... ok
test fragments::overlay_citation_tests::an_unparseable_fragment_is_named_by_the_fold_that_skipped_it ... ok
test fragments::overlay_citation_tests::a_clean_fold_reports_nothing_skipped ... ok
test fragments::overlay_citation_tests::answers_over_a_folded_corpus_omit_no_rows ... ok
test fragments::overlay_citation_tests::fold_provenance_records_the_same_winner_the_fold_applies ... ok
test fragments::overlay_citation_tests::fragment_item_span_locates_items_and_always_contains_the_id_line ... ok
test fragments::overlay_citation_tests::overlay_preserves_exact_base_spans_so_citations_stay_verifiable ... ok
test fragments::overlay_citation_tests::overlay_indexes_are_rebuilt_so_base_packets_still_resolve_too ... ok
test fragments::overlay_citation_tests::freshness_is_derived_from_base_plus_fragments ... ok
test fragments::overlay_coverage_gap_tests::unparseable_base_yields_no_gaps_instead_of_panicking ... ok
test fragments::overlay_coverage_gap_tests::a_well_formed_event_reports_nothing ... ok
test fragments::overlay_coverage_gap_tests::entry_with_no_payload_at_all_is_still_reported ... ok
test fragments::overlay_citation_tests::the_skipped_set_agrees_with_the_standalone_malformed_scan ... ok
test fragments::overlay_coverage_gap_tests::unrecognized_directive_key_is_named_with_the_key ... ok
test fragments::overlay_coverage_gap_tests::misplaced_definition_keeps_the_812_diagnosis ... ok
test fragments::tests::a_stale_working_state_cannot_clobber_a_terminal_rung ... ok
test fragments::tests::a_lower_rung_needs_falsified_but_a_higher_one_does_not ... ok
test fragments::tests::an_empty_fragment_dir_leaves_the_base_untouched ... ok
test fragments::tests::a_key_value_line_inside_a_block_scalar_round_trips_byte_identical ... ok
test fragments::tests::a_packet_already_in_the_base_is_never_overwritten_by_a_fragment ... ok
test fragments::tests::a_malformed_fragment_is_skipped_but_reported_never_silently_dropped ... ok
test fragments::tests::compaction_does_not_report_a_status_write_that_changes_nothing ... ok
test fragments::tests::equal_rung_and_working_states_use_plain_lww ... ok
test fragments::tests::concurrent_packet_adds_from_two_hosts_both_survive ... ok
test fragments::tests::fragment_names_sort_chronologically_because_the_fold_depends_on_it ... ok
test fragments::tests::events_from_two_hosts_on_one_packet_both_survive ... ok
test fragments::tests::compaction_refuses_a_rung_lowering_status_write_and_says_so ... ok
test fragments::tests::compaction_keeps_the_ladder_teeth_an_older_higher_rung_still_wins ... ok
test fragments::tests::higher_rung_wins_regardless_of_timestamp_order ... ok
test fragments::tests::compaction_reports_exactly_what_it_consumed ... ok
test fragments::tests::obsoleted_and_failed_are_lateral_terminal_moves_not_downgrades ... ok
test fragments::tests::next_action_event_newer_than_the_lww_write_still_wins ... ok
test fragments::tests::prose_opening_with_a_date_is_not_a_yaml11_timestamp ... ok
test fragments::tests::lww_next_action_newer_than_the_last_event_wins_the_effective_read ... ok
test fragments::tests::inert_fragments_only_flags_freestyle_prose ... ok
test fragments::tests::fragment_only_packet_accepts_lifecycle_updates_and_events ... ok
test fragments::tests::set_field_body_round_trips_value_beside_events ... ok
test fragments::tests::rank_aware_merge_is_commutative_end_to_end ... ok
test fragments::tests::set_field_body_round_trips_hostile_prose ... ok
test fragments::tests::the_fold_is_commutative_the_defining_crdt_property ... ok
test fragments::tests::the_fold_is_idempotent_so_a_half_finished_compaction_is_safe ... ok
test gitref::tests::classify_without_inputs_is_unknown_never_same ... ok
test fragments::tests::status_is_last_writer_wins_and_the_winner_does_not_depend_on_order ... ok
test gitref::tests::relation_tokens_round_trip ... ok
test gitref::tests::sha_shape_rejects_arguments_and_holes ... ok
test fragments::tests::verify_written_lww_accepts_good_and_refuses_corrupt ... ok
test groundtruth::tests::a_dimension_mismatch_refuses_naming_both_sides ... ok
test gitref::tests::is_ancestor_says_none_rather_than_no_for_an_absent_object ... ok
test gitref::tests::file_at_reads_the_blob_at_a_commit_and_refuses_what_it_cannot ... ok
test groundtruth::tests::a_misspelled_expectation_key_is_refused_not_ignored ... ok
test groundtruth::tests::a_real_failure_dominates_a_stale_citation ... ok
test groundtruth::tests::a_matching_index_grades_and_retrieves_the_target ... ok
test gitref::tests::a_commit_the_reader_never_fetched_is_unfetched_not_diverged ... ok
test groundtruth::tests::a_model_mismatch_at_equal_dimension_refuses ... ok
test groundtruth::tests::a_span_wrong_at_its_own_commit_is_still_a_failure ... ok
test groundtruth::tests::an_empty_query_set_is_an_error_not_a_pass ... ok
test groundtruth::tests::a_span_that_moved_grades_stale_and_not_fabricated ... ok
test groundtruth::tests::an_expectation_satisfied_at_the_frame_grades_stale_not_missing ... ok
test groundtruth::tests::an_expectation_whose_authority_is_false_is_never_rescued_by_its_needles ... ok
test groundtruth::tests::an_unknown_engine_names_the_registration_site ... ok
test gitref::tests::the_four_relations_are_derived_from_a_real_commit_dag ... ok
test groundtruth::tests::both_corpora_are_represented_in_the_committed_set ... ok
test groundtruth::tests::an_expectation_wrong_at_every_commit_is_still_a_failure ... ok
test groundtruth::tests::grading_works_on_a_corpus_this_crate_does_not_own ... ok
test groundtruth::tests::no_usable_rung_resolves_nothing ... ok
test groundtruth::tests::query_vectors_parse_both_forms_and_refuse_a_lying_dim ... ok
test groundtruth::tests::an_unresolvable_frame_is_not_an_acquittal ... ok
test groundtruth::tests::stale_spec_index_override_heals_to_the_durable_tier ... ok
test groundtruth::tests::a_wrong_expected_span_turns_a_passing_case_red ... ok
test groundtruth::tests::the_committed_query_vectors_declare_model_and_dim ... ok
test groundtruth::tests::degenerate_retrieval_is_reported_and_a_shared_vector_is_not ... ok
test groundtruth::tests::the_exclude_path_is_unchanged_by_the_frame_rescue ... ok
test groundtruth::tests::the_spec_engine_stamps_the_index_frame_not_the_readers_head ... ok
test groundtruth::tests::the_unaudited_signature_still_reports_a_stale_citation ... ok
test groundtruth::tests::the_plan_next_query_set_is_green_at_head ... ok
test groundtruth::tests::valid_exact_dir_outranks_the_roots ... ok
test host_verbs::tests::clock_shapes ... ok
test host_verbs::tests::sha256_known_vector ... ok
test json_query::tests::error_text_leads_with_its_kind ... ok
test json_query::tests::iterate_select_and_alternative ... ok
test json_query::tests::keys_sort_and_render_matches_jq_layout ... ok
test json_query::tests::numbers_compare_by_value_and_types_order_like_jq ... ok
test json_query::tests::out_of_subset_is_unsupported_not_a_parse_error ... ok
test json_query::tests::paths_and_missing_keys_follow_jq ... ok
test json_query::tests::right_operand_is_the_outer_loop ... ok
test json_query::tests::try_keeps_outputs_before_the_error ... ok
test json_query::tests::variables_are_reported_and_bound ... ok
test groundtruth::tests::the_fragment_provenance_query_set_is_green_at_head ... ok
test host_verbs::tests::reader_matches_across_block_boundaries ... ok
test ledger_cache::tests::an_absent_cache_is_a_miss_not_a_failure ... ok
test ledger_cache::tests::a_snapshot_from_another_binary_fails_closed ... ok
test ledger_cache::tests::snapshot_round_trips_folded_ledger ... ok
test loop_status::tests::a_comment_header_is_allowed_but_garbage_preamble_is_not ... ok
test loop_status::tests::a_fragment_naming_direction_or_any_non_cycle_heading_is_refused ... ok
test loop_status::tests::append_refuses_an_agent_attempt_at_the_direction_section ... ok
test loop_status::tests::compaction_gate_passes_a_true_fold ... ok
test loop_status::tests::compaction_gate_refuses_a_candidate_that_alters_an_operator_section ... ok
test loop_status::tests::compaction_gate_refuses_a_candidate_that_drops_a_section ... ok
test loop_status::tests::cycle_entries_from_two_hosts_both_survive ... ok
test loop_status::tests::drift_verdict_never_reports_eligible_for_zero_fragments ... ok
test loop_status::tests::iso_compact_shape_is_utc_first_and_sortable ... ok
test loop_status::tests::new_cycles_render_newest_first_after_the_title_and_never_move_base_content ... ok
test loop_status::tests::operator_and_legacy_sections_are_byte_identical_after_folding ... ok
test loop_status::tests::release_bullets_ignore_non_bullet_lines ... ok
test loop_status::tests::release_bullets_parse_version_label_and_counts ... ok
test loop_status::tests::render_count_line_is_the_spliceable_parenthetical ... ok
test loop_status::tests::stale_bullet_counts_fail_against_a_fresher_render ... ok
test loop_status::tests::the_fold_is_commutative_the_defining_crdt_property ... ok
test loop_status::tests::the_fold_is_idempotent_so_a_half_finished_compaction_is_safe ... ok
test loop_status::tests::the_store_readme_is_never_a_fragment_but_real_malformed_files_still_are ... ok
test loop_status::tests::verify_active_release_flags_the_known_stale_shape ... ok
test loop_status::tests::verify_active_release_passes_a_consistent_section ... ok
test loop_status::tests::verify_active_release_refuses_duplicate_headings ... ok
test lua_predicate::script_process::tests::caught_chain_getter_reentrancy_cannot_reopen_validation_scope ... ok
test lua_predicate::script_process::tests::caught_exit_callback_reentrancy_latches_all_async_doors_closed_before_yield ... ok
test lua_predicate::script_process::tests::chain_validates_every_stage_and_later_stdin_before_any_execution ... ok
test lua_predicate::script_process::tests::copied_methods_foreign_handles_and_malformed_lists_are_rejected_before_waiting ... ok
test groundtruth::tests::a_wrong_expected_cheatsheet_span_turns_a_passing_case_red ... ok
test lua_predicate::script_process::tests::live_chain_snapshots_nested_fields_before_callbacks_and_passes_binary_stdin ... ok
test lua_predicate::script_process::tests::pending_receipt_order_survives_publication_race_empty_queue_and_repeated_selection ... ok
test lua_predicate::script_process::tests::terminal_executor_error_without_finished_closes_scope_instead_of_hanging ... ok
test lua_predicate::script_process::tests::weak_handle_identity_does_not_retain_completed_lua_tables ... ok
test lua_predicate::tests::a_dangling_in_root_symlink_is_refused_by_every_write_verb ... ok
test lua_predicate::tests::a_symlink_escaping_the_root_is_still_refused ... ok
test lua_predicate::tests::a_write_through_a_symlinked_alias_of_the_root_is_inside ... ok
test lua_predicate::tests::re_registering_a_predicate_invalidates_its_memo ... ok
test lua_predicate::tests::read_log_authenticates_bytes_returned_to_lua ... ok
test lua_predicate::tests::the_filesystem_root_is_refused_as_a_repository_root ... ok
test lua_runtime::tests::collect_survives_a_nil_answer_response ... ok
test lua_runtime::tests::every_servable_tier_is_reachable_from_classification ... ok
test lua_runtime::tests::latency_tier_budgets ... ok
test lua_runtime::tests::latency_tier_classification ... ok
test lua_runtime::tests::lua_runtime_blocks_debug_library ... ok
test lua_runtime::tests::lua_runtime_blocks_os_execute ... ok
test lua_runtime::tests::lua_runtime_loads_init_script ... ok
test lua_std::tests::normalize_is_lexical ... ok
test ledger_cache::tests::the_cache_serves_the_folded_value_not_the_base ... ok
test methodology::tests::a_fabricated_methodology_citation_is_refused ... ok
test lua_predicate::script_process::tests::live_chain_retains_nonzero_spawn_policy_timeout_and_truncation_before_later_success ... ok
test methodology::tests::a_path_shaped_question_is_never_routed_to_an_adjacent_path ... ok
test methodology::tests::a_stratified_sample_of_the_whole_corpus_answers_verifiably ... ok
test methodology::tests::all_ten_canonical_questions_answer_with_an_exact_path_and_a_resolvable_file_line ... ok
test ledger_cache::tests::a_changed_corpus_is_a_miss_not_a_stale_answer ... ok
test methodology::tests::an_unparseable_corpus_file_is_uncitable_and_names_why ... ok
test methodology::tests::an_exact_path_wins_over_every_suffix_match ... ok
test methodology::tests::folded_scalar_prose_is_never_indexed_as_a_key ... ok
test methodology::tests::an_unknown_path_returns_unsupported_never_a_guess ... ok
test methodology::tests::an_unrouted_or_ambiguous_question_is_refused ... ok
test methodology::tests::sequence_items_are_addressable_but_only_mapping_keys_are_citable ... ok
test methodology::tests::every_indexed_entry_starts_at_its_own_key_line_and_ends_in_bounds ... ok
test methodology::tests::no_methodology_file_fails_to_parse_as_yaml ... ok
test methodology::tests::the_corpus_spans_the_root_file_and_the_directory_tree ... ok
test methodology::tests::following_the_refusal_advice_literally_reaches_an_answer ... ok
test msg_store::tests::a_seq_gap_is_flagged_and_stays_flagged ... ok
test msg_store::tests::a_repeated_id_is_skipped_not_rewritten ... ok
test msg_store::tests::an_unread_message_drops_at_its_ttl_while_the_ack_stays ... ok
test msg_store::tests::a_reply_to_a_received_broadcast_is_refused_and_a_unicast_reply_passes ... ok
test msg_store::tests::gc_expires_an_unacked_outbox_entry_and_retention_drops_the_receipt ... ok
test msg_store::tests::mailbox_accept_dedupes_and_the_ack_reads_back_through_status ... ok
test msg_store::tests::recv_is_local_bookkeeping_and_keep_moves_nothing ... ok
test msg_store::tests::refusals_write_nothing ... ok
test msg_store::tests::broadcasts_resolve_groups_ack_per_recipient_and_refuse_replies ... ok
test msg_store::tests::send_queues_at_once_with_a_pending_receipt_and_a_default_ttl ... ok
test msg_store::tests::the_lax_seam_reaches_the_secret_check_only_on_an_explicit_root ... ok
test msg_store::tests::there_is_no_ack_verb ... ok
test msg_store::tests::whoami_refuses_without_a_lane_and_prints_the_address_with_one ... ok
test obligation::score_tests::a_tombstone_leaves_the_monotone_regime_and_says_so ... ok
test obligation::score_tests::earned_denominator_and_residual_are_separate_and_consistent ... ok
test obligation::score_tests::score_is_monotone_within_the_regime ... ok
test obligation::score_tests::unrecorded_obligations_still_count_against_the_total ... ok
test obligation::tests::absent_key_reads_as_bottom ... ok
test obligation::tests::chain_matches_methodology_order ... ok
test obligation::tests::componentwise_order_holds_when_all_components_agree ... ok
test obligation::tests::differing_id_sets_align_through_bottom ... ok
test obligation::tests::never_recorded_is_still_bottom_in_domain ... ok
test obligation::score_tests::exceeding_the_bar_still_earns ... ok
test obligation::tests::obligation_states_are_a_total_order ... ok
test obligation::tests::opposite_directions_are_incomparable ... ok
test obligation::tests::project_state_inherits_incomparability_from_one_spec ... ok
test obligation::tests::refine_is_inflationary_on_a_worked_case ... ok
test obligation::tests::refine_raises_and_stabilises ... ok
test obligation::tests::refinement_keeps_the_identifier_and_the_state ... ok
test obligation::tests::successor_starts_absent_with_no_carry ... ok
test obligation::tests::tombstoned_id_is_not_a_regression ... ok
test obligation::tests::unstable_outcome_is_distinguishable_from_fixed ... ok
test obligation_props::tests::monotonicity_sample_is_not_empty ... ok
test obligation_props::tests::refine_is_idempotent ... ok
test obligation_props::tests::refine_is_monotone_on_the_real_rules ... ok
test obligation_props::tests::refine_is_inflationary ... ok
test obligation_props::tests::comparable_pair_really_is_comparable ... ok
test obligation_props::tests::tombstones_do_not_manufacture_violations ... ok
test obligation_props::tests::the_suite_rejects_a_deliberately_wrong_model ... ok
test order_identity_tests::a_duplicated_order_resolves_to_nothing_rather_than_an_arbitrary_packet ... ok
test obligation_props::tests::the_same_search_accepts_the_real_model ... ok
test order_identity_tests::a_minted_batch_is_internally_distinct_which_mint_alone_cannot_promise ... ok
test order_identity_tests::a_suffixed_order_is_addressable_exactly_like_an_integer_one ... ok
test order_identity_tests::an_ambiguous_miss_can_name_its_claimants ... ok
test order_identity_tests::check_reports_duplicate_orders_it_previously_could_not_see ... ok
test order_identity_tests::minted_tokens_are_unique_and_do_not_collide_across_hosts_on_one_prefix ... ok
test order_identity_tests::minting_never_reuses_an_order_already_in_the_ledger ... ok
test order_identity_tests::the_provisional_sentinel_is_not_a_collision ... ok
test order_identity_tests::the_next_prefix_advances_past_suffixed_and_child_orders ... ok
test pipeline::tests::a_zero_override_is_dropped_upstream_not_clamped_here ... ok
test pipeline::tests::an_explicit_override_replaces_the_tier_budget ... ok
test pipeline::tests::an_override_is_clamped_to_the_ceiling ... ok
test pipeline::tests::domain_indices_filters_by_kind_and_all_passes_everything ... ok
test pipeline::tests::freshness_comes_from_the_entry_frame ... ok
test pipeline::tests::inference_config_default_is_complete ... ok
test pipeline::tests::above_floor_retrieval_yields_cited_digest ... ok
test pipeline::tests::below_floor_retrieval_refuses_out_of_coverage ... ok
test pipeline::tests::missing_embed_endpoint_refuses_typed ... ok
test pipeline::tests::mid_band_score_refuses_out_of_coverage ... ok
test pipeline::tests::parse_base_handles_host_port_and_path ... ok
test methodology::tests::the_toolbox_first_rule_is_reachable_in_prose_and_still_refuses_ambiguity ... ok
test pipeline::tests::no_test_mutates_the_synth_budget_env ... ok
test pipeline::tests::without_an_override_every_tier_budget_is_unchanged ... ok
test script_run::tests::classify_follows_the_doors_precedence ... ok
test script_run::tests::durations_parse ... ok
test script_run::tests::header_declares_class_and_env ... ok
test semantic_expert::tests::direction_fallback_does_not_fire_for_non_direction_queries ... ok
test semantic_expert::tests::direction_query_falls_back_to_plan_yaml_frontier_note ... ok
test pipeline::tests::no_test_mutates_the_spec_index_dir_env ... ok
test semantic_expert::tests::explain_query_returns_none_when_no_section_found ... ok
test semantic_expert::tests::explain_query_returns_cited_envelope_on_section_match ... ok
test semantic_expert::tests::scan_yaml_key_block_handles_plain_scalars_and_missing_keys ... ok
test session_tokens::tests::repeated_message_lines_count_once_and_the_window_is_exact ... ok
test spec::tests::a_scored_chunk_still_deserializes_as_a_plain_chunk ... ok
test spec::tests::a_scored_envelope_puts_the_score_on_its_citations ... ok
test spec::tests::an_impossible_score_is_dropped_not_recorded ... ok
test spec::tests::banner_directly_above_a_function_does_not_steal_its_signature ... ok
test spec::tests::cheatsheet_query_answers_and_verifies ... ok
test session_tokens::tests::a_missing_usage_field_is_drift_not_zero ... ok
test spec::tests::code_boundaries_do_not_fire_on_ordinary_lines ... ok
test spec::tests::code_chunk_keys_are_in_their_span ... ok
test spec::tests::code_chunks_on_named_constructs_and_keeps_the_file_preamble ... ok
test spec::tests::containerfile_boundaries_do_not_fire_on_indented_or_prose_lines ... ok
test spec::tests::containerfile_chunks_on_instructions_and_holds_continuations ... ok
test spec::tests::cosine_is_zero_on_length_mismatch_not_nan ... ok
test spec::tests::cosine_ranks_the_aligned_vector_first ... ok
test spec::tests::duplicated_cheatsheet_copy_is_pruned ... ok
test pipeline::tests::refusal_not_fallback_makes_zero_model_requests ... ok
test spec::tests::envelope_drops_decorative_citations ... ok
test spec::tests::floors_keep_covered_retrieval_and_drop_below_min_chunks ... ok
test spec::tests::floors_refuse_empty_retrieval_with_best_zero ... ok
test spec::tests::floors_refuse_when_best_is_under_the_refusal_floor ... ok
test spec::tests::floors_refuse_when_min_score_starves_a_covered_retrieval ... ok
test spec::tests::markdown_chunk_keys_are_in_their_span ... ok
test spec::tests::out_of_coverage_reason_names_both_knobs_and_the_scores ... ok
test spec::tests::oversized_code_span_is_split_contiguously ... ok
test spec::tests::retrieval_only_answer_contains_every_key ... ok
test spec::tests::shell_banner_does_not_fire_on_ordinary_comments ... ok
test spec::tests::shell_section_banners_open_chunks ... ok
test spec::tests::the_index_record_carries_no_score ... ok
test spec::tests::with_freshness_builder_keeps_only_used_citations_and_the_given_frame ... ok
test spec::tests::walk_matches_extensionless_names_without_widening_extensions ... ok
test spec::tests::yaml_chunk_keys_are_top_level_and_in_span ... ok
test spec_index::tests::a_malformed_commit_marker_is_dropped_not_served ... ok
test spec_index::tests::entry_loads_markers_and_validates_the_commit ... ok
test spec_index::tests::the_arity_refusal_still_fires ... ok
test spec_index::tests::the_repo_relative_rung_anchors_to_the_checkout_not_to_home ... ok
test tests::an_ambiguous_order_token_does_not_resolve ... ok
test tests::a_packet_fragment_changes_the_rendered_release_count ... ok
test tests::blocked_by_answers_the_flagship_query ... ok
test tests::blocks_only_asymmetrical_edge_fails_integrity_and_reciprocal_passes ... ok
test tests::dependencies_of_returns_only_direct_unsatisfied_prerequisites_in_declared_order ... ok
test tests::event_block_handles_an_empty_summary ... ok
test spec::tests::pruned_prefixes_are_not_indexed ... ok
test answer::tests::dependency_word_order_preserves_upstream_and_downstream_direction ... ok
test answer::tests::an_unrecognised_question_is_unsupported ... ok
test tests::flush_guard_rejects_a_dangling_live_reference ... ok
test tests::flush_guard_rejects_the_order_263_duplicate_key_class ... ok
test tests::integer_order_lookup_is_unchanged ... ok
test forgotten::tests::the_ranking_is_invariant_under_a_uniform_clock_shift ... ok
test answer::tests::a_forgotten_question_naming_a_packet_still_answers_about_that_packet ... ok
test answer::tests::story_shaped_forgotten_questions_route_to_the_deterministic_projection ... ok
test tests::parked_blocks_surface_dependents_stuck_behind_parked_packets ... ok
test tests::parked_status_classification_matches_the_ladder ... ok
test tests::resolution_works_by_alphanumeric_child_order ... ok
test tests::resolution_works_by_order_number_and_packet_id ... ok
test tests::split_parents_report_delegated_parents_and_spare_the_ones_that_keep_work ... ok
test tests::unknown_fields_survive_load ... ok
test answer::tests::the_serialized_envelope_matches_the_ratified_schema ... ok
test answer::tests::every_shape_of_fabricated_citation_is_refused ... ok
test answer::tests::a_fixture_query_returns_a_resolvable_citation_whose_span_contains_the_packet_id ... ok
test answer::tests::already_is_not_a_ready_intent_but_the_ready_token_still_is ... ok
test answer::tests::the_forgotten_match_does_not_capture_unrelated_questions ... ok
test answer::tests::fabricated_authority_values_are_refused_even_on_a_real_span ... ok
test answer::tests::an_unframed_envelope_serializes_exactly_as_it_did_before ... ok
test answer::tests::classification_is_deterministic_and_refuses_the_unknown ... ok
test tests::every_child_order_the_live_ledger_prints_resolves_back ... ok
test tests::every_live_packet_has_a_span_that_contains_its_own_id ... ok
test tests::live_ledger_loads_and_is_non_trivial ... ok
test tests::live_packet_spans_do_not_overlap ... ok
test tests::live_ledger_reference_integrity_holds ... ok
test answer::tests::plan_next_is_bounded_deterministic_and_release_defaulted ... ok
test tests::append_event_inserts_and_flush_guard_accepts ... ok
test pipeline::tests::stalled_prose_endpoint_returns_floor_within_budget ... ok
test tests::event_block_survives_multiline_summaries_on_the_real_ledger ... ok
test groundtruth::tests::the_committed_query_set_is_green_at_head ... ok
test fragments::compaction_text_tests::compaction_on_the_real_ledger_preserves_every_comment_and_item ... ok

test result: ok. 427 passed; 0 failed; 0 ignored; 0 measured; 0 filtered out; finished in 8.67s

     Running unittests src/main.rs (target/debug/deps/tillandsias_plan-ac7861fd3b3bdb1f)

running 46 tests
test next_order_filed_since_tests::a_row_with_no_filed_event_is_not_attributed ... ok
test next_order_filed_since_tests::nothing_filed_since_reports_an_empty_list_not_the_whole_ledger ... ok
test next_order_filed_since_tests::next_order_reports_rows_filed_since ... ok
test next_order_filed_since_tests::the_baseline_is_the_callers_own_last_filing_not_any_hosts ... ok
test set_field_list_guard_tests::an_absent_field_is_not_a_list ... ok
test next_order_filed_since_tests::the_filer_match_is_segment_exact ... ok
test set_field_list_guard_tests::scalar_fields_are_not_refused ... ok
test tests::a_claim_is_answered_by_a_typed_release_and_never_by_prose ... ok
test set_field_list_guard_tests::set_field_refuses_a_list_valued_field ... ok
test tests::a_blank_next_action_is_not_a_carry_forward ... ok
test tests::a_misplaced_definition_is_not_counted_as_a_touch ... ok
test tests::a_failing_envelope_is_downgraded_to_unsupported_naming_the_violations ... ok
test tests::a_claim_event_without_a_status_is_reported_but_not_resolved ... ok
test tests::a_pure_closure_fragment_has_no_carry_forward_gaps ... ok
test tests::an_event_nested_next_action_does_not_satisfy_carry_forward ... ok
test tests::citation_root_is_carried_and_derivable ... ok
test tests::carry_forward_reads_the_top_level_event_and_lww_channels ... ok
test tests::a_siblings_note_no_longer_refreshes_someone_elses_lease ... ok
test tests::a_status_entry_is_a_lease_whatever_the_reason_text_says ... ok
test tests::role_a_specific_host_does_not_satisfy_a_sibling_requirement ... ok
test tests::dependency_clearance_treats_unknown_ids_as_blocking ... ok
test tests::evidence_event_type_follows_the_status_being_written ... ok
test tests::every_declared_capability_is_documented_in_usage ... ok
test tests::query_packets_reproduces_plan_query_filter_semantics ... ok
test tests::expire_claims_partitions_stale_fresh_and_unknown_age ... ok
test tests::role_any_is_universal_but_only_as_a_whole_field ... ok
test tests::role_matching_stops_at_a_token_boundary ... ok
test tests::role_separators_are_normalised ... ok
test tests::every_dispatch_arm_is_documented_in_usage ... ok
test tests::projection_carries_size_and_implementer_tier ... ok
test tests::query_json_projection_includes_lease_field ... ok
test tests::role_a_specific_host_satisfies_a_general_requirement ... ok
test tests::manifest_drift_reports_arms_a_synthetic_manifest_omits ... ok
test tests::terminal_statuses_still_emit_a_completion_event ... ok
test tests::host_label_alphabet_874_idnt ... ok
test tests::urgency_ranks_explicit_priority_then_kind_then_unscored ... ok
test tests::utc_now_iso_produces_non_empty_utc_format ... ok
test tests::writer_agent_refuses_absence_and_the_literal_unknown ... ok
test tests::the_missing_agent_refusal_names_the_subcommand_not_just_the_file ... ok
test tests::claimability_excludes_milestone_criteria_holders ... ok
test tests::writer_host_default_is_the_compiled_platform_never_a_fabricated_linux ... ok
test tests::writer_agent_refuses_noncanonical_ids_874_idnt ... ok
test tests::the_capability_manifest_is_a_sorted_unique_shell_safe_token_list ... ok
test tests::query_constraint_parser_refuses_missing_unknown_and_invalid_values ... ok
test tests::carry_forward_names_open_touches_and_exempts_closures ... ok
test tests::live_claims_name_the_claiming_host_and_fail_closed_without_one ... ok

test result: ok. 46 passed; 0 failed; 0 ignored; 0 measured; 0 filtered out; finished in 0.00s

     Running tests/command_policy_doors.rs (target/debug/deps/command_policy_doors-5dadd1f839c5e357)

running 6 tests
test lua_worker ... ok
test only_absent_default_seed_preserves_existing_floor ... ok
test inspection_preserves_one_use_consent_for_first_actual_harmless_execution ... ok
test proc_execution_alone_consumes_one_use_consent ... ok
test sh_execution_alone_consumes_one_use_consent ... ok
test refused_seed_never_relaxes_default_deny_or_spawns_at_any_door ... ok

test result: ok. 6 passed; 0 failed; 0 ignored; 0 measured; 0 filtered out; finished in 0.04s

     Running tests/lua_observing_boundary.rs (target/debug/deps/lua_observing_boundary-c5a2b282397589d5)

running 6 tests
test boundary_worker ... ok
test sandboxed_classes_withhold_unmanaged_io_and_every_loader_alias ... ok
test observing_fixed_stream_io_preserves_hook_input_and_logging_without_file_handles ... ok
test scratch_read_write_rename_delete_fail_but_rooted_read_works_in_both_classes ... ok
test script_rooted_writes_keep_fixture_scope_and_declared_env_controls ... ok
test script_walk_refuses_start_and_intermediate_escape_without_following_descendants ... ok

test result: ok. 6 passed; 0 failed; 0 ignored; 0 measured; 0 filtered out; finished in 0.01s

     Running tests/lua_predicate_classes.rs (target/debug/deps/lua_predicate_classes-cdfb0c55007274b6)

running 22 tests
test a_cacheable_verdict_is_served_from_cache ... ok
test a_cacheable_predicate_cannot_read_the_clock_through_the_stdlib ... ok
test a_cacheable_predicate_cannot_remove_a_file_through_the_stdlib ... ok
test fs_list_refuses_outside_the_root_by_name ... ok
test a_cacheable_predicate_reads_repo_files_via_fs_read ... ok
test a_cacheable_predicate_cannot_resolve_the_shell_verb ... ok
test a_cacheable_verdict_is_re_evaluated_when_a_file_it_read_changes ... ok
test the_cacheable_global_set_is_exactly_the_allow_list ... ok
test the_cacheable_class_cannot_read_the_clock ... ok
test lua_runtime_states_containment_and_disclaims_selinux ... ok
test the_shell_verb_refuses_an_empty_argv ... ok
test the_verb_enumeration_matches_the_audited_set_exactly ... ok
test fs_list_is_observing_only_and_absent_from_the_cacheable_class ... ok
test pure_shims_available_in_observing_class_too ... ok
test fs_list_returns_regular_file_names_in_byte_order_and_never_a_symlink ... ok
test fs_read_refuses_outside_paths_and_traversals ... ok
test the_same_predicate_resolves_in_the_observing_class ... ok
test a_predicate_authored_at_runtime_executes_without_recompilation ... ok
test expect_shims_return_verdict_values_and_fail_loud ... ok
test a_cacheable_predicate_cannot_read_a_file_through_the_stdlib ... ok
test an_observing_verdict_is_never_served_from_cache ... ok
test a_timed_out_shell_call_is_distinguishable_in_lua ... ok

test result: ok. 22 passed; 0 failed; 0 ignored; 0 measured; 0 filtered out; finished in 0.41s

     Running tests/lua_proc.rs (target/debug/deps/lua_proc-58117f60116163ce)

running 44 tests
test arm7_cacheable_has_no_proc ... ok
test managed_script::caught_advisory_prevents_new_proc_run_and_spawn ... ok
test arm6_stdin_from_a_variable_has_no_pipe_to_invert ... ok
test arm1_a_failing_program_is_a_value_and_argv_is_not_reparsed ... ok
test managed_script::composition_chain_retains_policy_and_signal_failures_before_later_success ... ok
test managed_script::composition_chain_passes_binary_stdin_in_memory_and_retains_first_failure ... ok
test managed_script::composition_chain_validates_all_stages_before_earlier_execution ... ok
test arm2_both_fds_drain_concurrently_in_full ... ok
test managed_script::composition_chain_validation_getter_reentrant_door_closes_scope_before_launch ... ok
test managed_script::composition_all_pumps_nonmember_and_observes_member_exit_callbacks_before_return ... ok
test capture_bytes_a_clipped_capture_is_not_ok ... ok
test arm5_a_shell_string_is_refused ... ok
test managed_script::composition_chain_validates_before_consent_and_consumes_one_token_per_execution ... ok
test managed_script::composition_rejects_empty_select_and_invalid_handle_lists_before_waiting ... ok
test managed_script::composition_chain_snapshots_all_stage_fields_before_callback_mutation ... ok
test managed_script::finished_stream_releases_callback_captures_after_dropped_handle ... ok
test managed_script::invalid_advisory_does_not_close_scope_or_publish_terminal_verdict ... ok
test managed_script::composition_exit_callback_error_closes_scope_even_when_caught ... ok
test managed_script::composition_on_exit_follows_lines_precedes_wait_and_result_tables_are_fresh ... ok
test managed_script::composition_chain_retains_spawn_timeout_and_clipped_failures_before_success ... ok
test managed_script::caught_callback_error_and_reentrant_wait_latch_scope_closure ... ok
test managed_script::composition_select_timeout_is_nil_timed_out_and_does_not_cancel_child ... ok
test managed_script::composition_select_is_completion_ordered_non_consuming_and_pumps_every_producer ... ok
test managed_script::callbacks_cancel_owned_groups_even_when_caught_or_cpu_bound ... FAILED
test programmer_errors_raise_and_operational_failures_do_not ... ok
test the_child_environment_is_the_base_set ... ok
test managed_script::live_callback_acknowledgement_and_two_producers_prove_scope_wide_dispatch ... ok
test managed_script::composition_exit_callback_reentrant_select_all_and_chain_close_scope ... ok
test managed_script::spawn_policy_seed_consent_and_programmer_validation_share_hardened_gate ... ok
test managed_script::scoped_spawn_preserves_fixed_environment_stdin_and_cacheable_process_absence ... ok
test a_grandchild_neither_times_out_nor_outlives_proc_run ... ok
test managed_script::composition_chain_capture_does_not_inherit_the_unused_stream_line_limit ... ok
test managed_script::composition_all_is_argument_ordered_and_empty_is_vacuous ... ok
test managed_script::spawn_validation_missing_program_kill_and_line_limit_are_explicit ... ok
test a_piped_caller_is_not_held_by_a_leaked_grandchild ... ok
test managed_script::streaming_keeps_default_8mib_prefix_and_byte_exact_empty_binary_lines ... ok
test managed_script::live_spawn_delivers_10000_ordered_lines_per_fd_before_wait_and_preserves_cr ... ok
test managed_script::caught_callback_advisory_cancels_acknowledged_groups_and_preserves_bytes ... ok
test managed_script::caught_advisory_cpu_loop_preserves_bytes_and_cleans_acknowledged_groups_promptly ... ok
test managed_script::composition_select_zero_has_no_own_deadline_and_outer_deadline_stops_owned_child ... ok
test managed_script::composition_chain_exit_callback_terminal_verdict_preserves_bytes_and_reaps_owned_groups ... ok
test managed_script::script_lifetime_cancels_cpu_loop_error_verdict_and_dropped_handles ... ok
test managed_script::outer_deadline_cancels_acknowledged_legacy_and_streaming_groups_with_positive_control ... ok
test arm3_a_deadline_kills_the_whole_group ... ok

failures:

---- managed_script::callbacks_cancel_owned_groups_even_when_caught_or_cpu_bound stdout ----

thread 'managed_script::callbacks_cancel_owned_groups_even_when_caught_or_cpu_bound' (740523) panicked at crates/tillandsias-plan/tests/lua_proc.rs:204:17:
grandchild still running: 740726 (python3) R 556994 740596 556997 0 -1 4195596 1518 0 0 0 1 0 0 0 20 0 1 0 13423205 0 0 18446744073709551615 0 0 0 0 0 0 0 16781312 2 0 0 0 17 9 0 0 0 0 0 0 0 0 0 0 0 0 9

note: run with `RUST_BACKTRACE=1` environment variable to display a backtrace


failures:
    managed_script::callbacks_cancel_owned_groups_even_when_caught_or_cpu_bound

test result: FAILED. 43 passed; 1 failed; 0 ignored; 0 measured; 0 filtered out; finished in 13.03s

error: test failed, to rerun pass `-p tillandsias-plan --test lua_proc`
     Running tests/lua_source_agreements.rs (target/debug/deps/lua_source_agreements-f1232d2e6ad02469)

running 7 tests
test pure_environment_has_no_process_or_mutating_capabilities ... ok
test build_check_names_and_runs_this_nonempty_target ... ok
test crlf_and_space_bearing_paths_are_explicitly_supported ... ok
test cutover_callers_name_inputs_and_leave_no_bash_fallback ... ok
test malformed_empty_and_duplicate_manifests_fail_closed ... ok
test production_script_run_preserves_pinned_exit_stdout_and_stderr_bytes ... ok
test explicit_manifest_cases_match_their_expected_guard_verdicts ... ok

test result: ok. 7 passed; 0 failed; 0 ignored; 0 measured; 0 filtered out; finished in 0.11s

     Running tests/lua_std.rs (target/debug/deps/lua_std-079b5348f27b80a9)

running 16 tests
test json_query_errors_carry_the_engines_kind_prefix ... ok
test an_empty_table_marked_with_json_array_encodes_as_an_array ... ok
test hash_sha256_matches_the_known_vector ... ok
test json_round_trips_to_the_same_bytes ... ok
test yaml_parse_keeps_a_block_scalars_newlines ... ok
test the_cacheable_class_gets_the_pure_tables_and_no_clock ... ok
test path_join_is_lexical ... ok
test json_query_runs_the_rn9b_engine_and_returns_a_sequence ... ok
test table_is_empty_exists_and_next_names_it_in_both_classes ... ok
test the_observing_class_has_the_clock_and_sh_run ... ok
test the_lua_cli_is_sandboxed_by_default ... ok
test the_lua_cli_unsandboxed_opt_in_keeps_the_raw_vm ... ok
test the_empty_array_rule_prints_the_same_bytes_in_three_processes ... ok
test a_dangling_in_root_symlink_cannot_be_used_to_write_outside_the_root ... ok
test no_caller_of_the_unsandboxed_opt_in_remains ... ok
test the_archiver_sweeps_in_the_default_sandbox ... ok

test result: ok. 16 passed; 0 failed; 0 ignored; 0 measured; 0 filtered out; finished in 0.02s

     Running tests/set_field_archive.rs (target/debug/deps/set_field_archive-53f94ac40ecf0379)

running 1 test
test set_field_refuses_an_archived_order ... ok

test result: ok. 1 passed; 0 failed; 0 ignored; 0 measured; 0 filtered out; finished in 0.00s

     Running unittests src/lib.rs (target/debug/deps/tillandsias_podman-8d8de6c69acddf30)

running 179 tests
test backend::tests::classifies_empty_failure_as_unknown_not_lossy ... ok
test backend::tests::redacts_tokens ... ok
test cache_semantics::tests::ephemeral_mounts_tmpfs_args ... ok
test backend::tests::classifies_ipam_allocation_failures_as_permanent ... ok
test cache_semantics::tests::cache_mount_specs ... ok
test cache_semantics::tests::cache_layout_new ... ok
test backend::tests::every_operation_class_declares_a_finite_budget ... ok
test cache_semantics::tests::ephemeral_mounts_validate_default ... ok
test cache_semantics::tests::cache_isolation_distinct_projects ... ok
test client::tests::a_stale_nvidia_cdi_spec_is_classified_at_the_oci_runtime_exit_status ... ok
test client::tests::an_unrecognized_oci_runtime_failure_still_falls_through ... ok
test client::tests::an_unresolvable_cdi_device_names_both_causes_of_the_identical_message ... ok
test client::tests::bounded_attached_capture_drains_but_never_retains_over_limit ... ok
test cache_semantics::tests::cache_layout_ensure_exists ... ok
test client::tests::classify_typed_125_image_missing ... ok
test client::tests::an_unclassified_launch_failure_still_leaves_a_breadcrumb ... ok
test client::tests::classify_typed_125_network_missing ... ok
test client::tests::classify_typed_125_network_missing_alt_phrasing ... ok
test client::tests::classify_typed_125_port_bound ... ok
test client::tests::classify_typed_fires_only_on_podman_and_oci_runtime_statuses ... ok
test client::tests::classify_typed_unknown_125_falls_through ... ok
test client::tests::client_has_container_list ... ok
test client::tests::client_has_container_run ... ok
test client::tests::client_has_get_enclave_containers ... ok
test client::tests::client_has_image_inspect ... ok
test client::tests::client_has_image_tag ... ok
test client::tests::client_has_network_methods ... ok
test client::tests::container_exit_event_shape ... ok
test client::tests::container_signal_event_shape ... ok
test client::tests::container_start_event_shape ... ok
test client::tests::container_stderr_event_shape ... ok
test client::tests::enclave_container_info_creation ... ok
test client::tests::enclave_container_info_with_health ... ok
test client::tests::enclave_network_constant_value ... ok
test client::tests::health_facade_compiles ... ok
test client::tests::exit_125_does_not_assert_the_container_launched ... ok
test client::tests::kill_container_default_signal_omits_flag ... ok
test client::tests::iso8601_millis_shape ... ok
test client::tests::existing_squashed_image_remains_an_on_demand_cache_hit ... ok
test client::tests::existing_unsquashed_or_mislabeled_image_is_rebuilt_once ... ok
test client::tests::launch_event_detail_is_escaped ... ok
test client::tests::image_build_squashes_new_layers_and_labels_the_policy ... ok
test client::tests::image_build_rejects_caller_overrides_of_the_managed_layer_policy ... ok
test client::tests::launch_event_line_shape_is_stable ... ok
test client::tests::network_exists_sync_compiles ... ok
test client::tests::podman_error_transient_classification ... ok
test client::tests::resource_exhaustion_event_shape ... ok
test client::tests::service_health_construction ... ok
test client::tests::health_status_equality ... ok
test client::tests::kill_container_explicit_kill_signal_includes_flag ... ok
test client::tests::non_force_removal_maps_rm_exit_codes_to_leak_not_destroy_outcomes ... ok
test client::tests::the_stale_driver_version_parser_refuses_rather_than_guesses ... ok
test container_spec::tests::bind_and_volume_mounts_are_serialized_deterministically ... ok
test container_spec::tests::browser_flags_can_be_expressed_in_the_typed_spec ... ok
test client::tests::breadcrumbs_accumulate_but_the_window_is_bounded ... ok
test container_spec::tests::build_run_argv_prefixes_run ... ok
test client::tests::the_breadcrumb_carries_no_stderr_and_no_argv ... ok
test client::tests::the_launch_breadcrumb_names_the_failed_service_and_how_to_read_the_error ... ok
test container_spec::tests::default_spec_includes_immutable_hardening_flags ... ok
test container_spec::tests::handle_exposes_name_and_image ... ok
test container_spec::tests::env_passthrough_is_emitted_by_name_and_validates ... ok
test container_spec::tests::interactive_and_tty_flags_are_serialized ... ok
test container_spec::tests::persistent_web_profile_is_detached_and_not_auto_removed ... ok
test container_spec::tests::raw_option_passthrough_is_narrowly_allowlisted ... ok
test container_spec::tests::scoped_secret_mounts_are_serialized_by_the_typed_spec ... ok
test backend::tests::a_prompt_podman_still_succeeds_under_the_same_budget ... ok
test container_spec::tests::the_hardening_envelope_is_enforced_in_release_not_only_in_debug ... ok
test diagnostic_event_emitter::tests::backpressure_meter_logs_only_on_rising_crossing ... ok
test diagnostic_event_emitter::tests::backpressure_meter_threshold_is_strictly_greater ... ok
test diagnostic_event_emitter::tests::backpressure_meter_zero_depth_is_silent ... ok
test client::tests::run_output_structure ... ok
test diagnostic_event_emitter::tests::died_without_prior_started_has_no_duration ... ok
test diagnostic_event_emitter::tests::multiple_containers_tracked_independently ... ok
test diagnostic_event_emitter::tests::removed_and_cleanedup_evict_start_time ... ok
test diagnostic_event_emitter::tests::route_record_handles_oom_without_panic ... ok
test diagnostic_event_emitter::tests::route_record_handles_died_without_panic ... ok
test diagnostic_event_emitter::tests::route_record_handles_signal_induced_died_without_panic ... ok
test diagnostic_event_emitter::tests::route_record_non_routing_actions_no_panic ... ok
test diagnostic_event_emitter::tests::signal_name_from_exit_code_falls_back_to_numeric ... ok
test diagnostic_event_emitter::tests::signal_name_from_exit_code_maps_common_signals ... ok
test diagnostic_event_emitter::tests::signal_name_from_exit_code_returns_none_on_clean_or_out_of_range ... ok
test diagnostic_event_emitter::tests::spawn_returns_none_when_disabled ... ok
test diagnostic_event_emitter::tests::started_then_died_records_duration_and_evicts_entry ... ok
test diagnostics::tests::diagnostics_snapshot_keeps_structured_command_facts ... ok
test diagnostics::tests::human_rendering_adds_command_and_inspect_without_losing_logs ... ok
test diagnostics::tests::lifecycle_records_render_exit_code_when_present ... ok
test diagnostics::tests::lifecycle_records_render_source_and_raw_status ... ok
test diagnostics::tests::log_records_keep_legacy_human_prefix ... ok
test diagnostics::tests::log_tail_projects_to_typed_records ... ok
test diagnostics_filter::tests::debug_level_parse_is_lenient ... ok
test diagnostics_filter::tests::container_glob_matches ... ok
test diagnostics_filter::tests::event_type_allowlist_gates_emission ... ok
test diagnostics_filter::tests::event_type_blank_items_skipped ... ok
test diagnostics_filter::tests::filters_compose_with_and_semantics ... ok
test diagnostics_filter::tests::glob_matches_primitives ... ok
test diagnostics_filter::tests::internal_events_require_verbose ... ok
test diagnostics_filter::tests::pass_through_allows_everything ... ok
test diagnostics_stream::tests::start_typed_event_stream_signature_pin ... ok
test diagnostics_stream::tests::test_diagnostics_error_container_not_found ... ok
test diagnostics_stream::tests::test_diagnostics_error_display ... ok
test diagnostics_stream::tests::test_enclave_container_info_creation ... ok
test diagnostics_stream::tests::typed_log_records_render_like_legacy_lines ... ok
test events::tests::died_event_extracts_top_level_exit_code ... ok
test events::tests::died_event_extracts_legacy_actor_attributes_exit_code ... ok
test events::tests::died_event_without_exit_code_reports_none ... ok
test events::tests::docker_format_json_returns_none ... ok
test events::tests::malformed_json_returns_none ... ok
test events::tests::parse_create_event ... ok
test events::tests::parse_died_event ... ok
test events::tests::parse_kill_event ... ok
test events::tests::parse_oom_event ... ok
test events::tests::parse_remove_event ... ok
test events::tests::parse_start_event ... ok
test events::tests::prefix_filter_accepts_matching ... ok
test events::tests::parse_stop_event ... ok
test events::tests::prefix_filter_rejects_non_matching ... ok
test events::tests::stream_records_accepts_lifecycle_record_channel ... ok
test events::tests::typed_lifecycle_record_preserves_podman_action_source_and_time ... ok
test events::tests::typed_lifecycle_record_distinguishes_stop_and_kill ... ok
test events::tests::unknown_status_returns_none ... ok
test launch::tests::allocate_port_range_multiple_conflicts ... ok
test launch::tests::allocate_port_range_no_conflicts ... ok
test gpu::tests::detect_gpu_returns_vec ... ok
test launch::tests::allocate_port_range_with_conflict ... ok
test launch::tests::allocate_single_port_distinct ... ok
test events::tests::non_died_events_have_no_exit_code ... ok
test launch::tests::allocate_single_port_exhausted ... ok
test launch::tests::allocate_single_port_first_free ... ok
test launch::tests::allocate_single_port_skips_occupied ... ok
test peer_table::tests::remove_clears_entry ... ok
test launch::tests::container_naming_convention ... ok
test launch::tests::parse_port_output_multiline ... ok
test events::tests::parse_cleanup_event ... ok
test launch::tests::build_args_has_container_name ... ok
test launch::tests::build_args_has_port_mapping ... ok
test peer_table::tests::insert_and_lookup ... ok
test policy::tests::command_args_after_image_cannot_spoof_hardening ... ok
test launch::tests::build_args_carries_the_forge_budget ... ok
test launch::tests::parse_port_output_no_arrow ... ok
test peer_table::tests::lookup_missing_pid ... ok
test launch::tests::build_args_has_security_flags ... ok
test launch::tests::parse_port_output_empty ... ok
test launch::tests::parse_port_output_multiple_mappings ... ok
test policy::tests::launch_validation_accepts_persistent_direct_argv ... ok
test launch::tests::parse_port_output_standard ... ok
test policy::tests::launch_validation_rejects_conflicting_weakeners ... ok
test peer_table::tests::clear_empties_table ... ok
test policy::tests::launch_validation_rejects_shell_joined_or_incomplete_argv ... ok
test policy::tests::mandatory_hardening_accepts_inline_and_split_flag_spellings ... ok
test policy::tests::mandatory_hardening_reports_canonical_missing_flags ... ok
test policy::tests::passthrough_allowlist_keeps_only_gpu_device_flags ... ok
test peer_table::tests::concurrent_insert_remove ... ok
test runtime::tests::default_runtime_compiles ... ok
test runtime::tests::podman_runtime_creates ... ok
test runtime::tests::wsl_runtime_creates ... ok
test tests::enclave_network_name_follows_spec_pattern ... ok
test tests::invocation_line_contains_label_and_redacts_secrets ... ok
test tests::invocation_line_redacts_base64_blob ... ok
test tests::invocation_line_truncates_long_argv ... ok
test tests::logger_emits_to_stderr_when_debug_flag_set ... ok
test tests::exactly_one_mutex_guards_the_process_global_podman_bin ... ok
test tests::wait_bounded_small_output_arrives_whole_with_real_status ... ok
test tests::end_to_end_stderr_capture_via_subprocess ... ok
test tests::wait_bounded_caps_a_chatty_child_at_the_named_constant ... ok
test tests::read_capped_boundary_is_inclusive_at_the_cap ... ok
test backend::tests::a_stalled_podman_fails_within_its_budget_and_names_the_operation ... ok
test tests::a_chatty_sync_podman_does_not_deadlock_on_a_full_pipe ... ok
test tests::a_prompt_sync_podman_still_succeeds ... ok
test tests::a_stalled_sync_podman_fails_within_its_budget ... ok
test tests::desktop_user_session_preflight_requires_writable_runtime_dir ... ok
test tests::local_transport_isolation_env_enables_storage_overrides ... ok
test tests::local_transport_uses_host_defaults_without_isolation_env ... ok
test tests::log_helper_writes_one_line_to_stderr ... ok
test tests::remote_transport_uses_remote_flag_and_skips_local_storage_args ... ok
test tests::runtime_lane_classification_prefers_service_account_then_devtest_then_desktop ... ok
test tests::status_bounded_timeout_kills_the_exact_child_pid ... ok
test tests::tripwire_refuses_the_real_podman_when_the_seam_is_unset ... ok
test tests::wait_bounded_timeout_kills_the_exact_output_child_pid ... ok
test tests::env_lock_recovers_from_a_poisoned_guard ... ok

test result: ok. 179 passed; 0 failed; 0 ignored; 0 measured; 0 filtered out; finished in 2.63s

     Running tests/podman_integration.rs (target/debug/deps/podman_integration-2ad3d30e5afb2b47)

running 1 test
test podman_start_inspect_stop_cycle ... ignored

test result: ok. 0 passed; 0 failed; 1 ignored; 0 measured; 0 filtered out; finished in 0.00s

     Running unittests src/lib.rs (target/debug/deps/tillandsias_podman_cli-07c705aaa65f71ed)

running 11 tests
test raw_run_attached_tests::a_foreground_run_is_attached ... ok
test tests::parses_secret_health_diagnostics_and_scenario_groups ... ok
test tests::accepts_legacy_and_stable_container_forms ... ok
test raw_run_attached_tests::container_name_reads_both_spellings_and_absence ... ok
test raw_run_attached_tests::every_detach_spelling_is_detached ... ok
test tests::named_scenarios_are_rust_registered_and_renderable ... ok
test tests::parses_stable_image_and_network_verbs ... ok
test raw_run_attached_tests::detach_false_and_unrelated_short_flags_are_not_detached ... ok
test tests::preserves_podman_shaped_raw_compatibility_where_needed ... ok
test tests::typed_secret_create_file_uses_secret_operation_kind ... ok
test tests::named_scenario_runs_through_library_network_methods ... ok

test result: ok. 11 passed; 0 failed; 0 ignored; 0 measured; 0 filtered out; finished in 0.00s

     Running unittests src/main.rs (target/debug/deps/tillandsias_podman_cli-f25c2b3c61341d36)

running 0 tests

test result: ok. 0 passed; 0 failed; 0 ignored; 0 measured; 0 filtered out; finished in 0.00s

     Running unittests src/main.rs (target/debug/deps/tillandsias_policy-f8808837aa4e80d2)

running 34 tests
test tests::diagnostics_json_candidate_ignores_forge_banner_and_fence ... ok
test tests::diagnostics_litmus_missing_status_matches_legacy_inline_validator ... ok
test tests::completeness_pct_parsing_matches_shell_grep ... ok
test tests::expecting_value_message_matches_cpython ... ok
test tests::litmus_yaml_files_are_scanned_for_python_runtime_drift ... ok
test tests::json_path_extracts_nested_values ... ok
test tests::menu_assertion_helpers_accept_expected_shape ... ok
test tests::flattens_capabilities_and_metadata ... ok
test tests::flags_python_runtime_invocations ... ok
test tests::diagnostics_missing_status_matches_python_truthiness ... ok
test tests::parity_matrix_rejects_unparseable_or_shapeless_yaml ... ok
test tests::parity_matrix_passes_when_host_column_done_on_required_rows ... ok
test tests::parity_matrix_rejects_missing_cell_as_invalid_status ... ok
test tests::parity_matrix_rejects_invalid_status_words_on_any_column ... ok
test tests::parity_matrix_rejects_regression_anywhere_even_on_sibling_columns ... ok
test tests::parity_matrix_fails_host_with_incomplete_required_cell ... ok
test tests::parity_matrix_reports_both_invalid_and_missing_for_host ... ok
test tests::parity_matrix_skips_non_required_rows_for_host_check ... ok
test tests::parses_frontmatter_with_multiline_fields ... ok
test tests::plan_orders_three_way_open_collision_names_every_member ... ok
test tests::should_skip_dir_skips_a_nested_checkout_but_not_a_plain_dir ... ok
test tests::sort_by_key_bytes_is_byte_order_and_stable ... ok
test tests::sort_unique_bytes_is_byte_order_and_dedups ... ok
test tests::plan_orders_duplicate_with_open_packet_fails ... ok
test tests::plan_orders_provisional_sentinel_and_null_are_exempt ... ok
test tests::plan_orders_duplicate_suffixed_token_with_open_packet_fails ... ok
test tests::python_repr_matches_cpython_dict_form ... ok
test tests::parse_error_when_no_json ... ok
test tests::plan_orders_missing_steps_is_a_parse_failure ... ok
test tests::plan_orders_suffixed_tokens_sharing_prefix_pass ... ok
test tests::plan_orders_done_only_duplicates_are_grandfathered ... ok
test tests::plan_orders_all_unique_passes ... ok
test tests::parity_matrix_accepts_committed_repo_matrix_for_linux_column ... ok
test tests::no_external_sort_is_spawned ... ok

test result: ok. 34 passed; 0 failed; 0 ignored; 0 measured; 0 filtered out; finished in 0.01s

     Running unittests src/lib.rs (target/debug/deps/tillandsias_progress_tty-a754ba8eb4cbaeb4)

running 0 tests

test result: ok. 0 passed; 0 failed; 0 ignored; 0 measured; 0 filtered out; finished in 0.00s

     Running tests/golden.rs (target/debug/deps/golden-32634d8ccb6b75f0)

running 6 tests
test a_plain_sink_writes_exactly_one_line_per_state_change ... ok
test every_degrade_condition_selects_the_plain_tier ... ok
test under_truecolor_the_tip_cell_is_the_blush_and_the_body_walks_the_leaf_ramp ... ok
test the_aggregate_never_decreases_and_reaches_100_only_when_all_tasks_are_done ... ok
test under_256_colour_the_tip_is_xterm_168 ... ok
test plain_output_contains_zero_escape_bytes ... ok

test result: ok. 6 passed; 0 failed; 0 ignored; 0 measured; 0 filtered out; finished in 0.00s

     Running unittests src/main.rs (target/debug/deps/tillandsias_repeat_graph-06ba2f3a1a8eaa5c)

running 0 tests

test result: ok. 0 passed; 0 failed; 0 ignored; 0 measured; 0 filtered out; finished in 0.00s

     Running unittests src/bin/tillandsias-repeat-loop.rs (target/debug/deps/tillandsias_repeat_loop-36b798cd822b7012)

running 0 tests

test result: ok. 0 passed; 0 failed; 0 ignored; 0 measured; 0 filtered out; finished in 0.00s

     Running tests/caddy_reload_integration.rs (target/debug/deps/caddy_reload_integration-b07c94edab111613)

running 2 tests
test router_caddy_admin_api_reload ... ignored
test router_caddy_reload_no_blocking ... ignored

test result: ok. 0 passed; 0 failed; 2 ignored; 0 measured; 0 filtered out; finished in 0.00s

     Running tests/connect_loop.rs (target/debug/deps/connect_loop-390e70064880a632)

running 3 tests
test sidecar_connect_against_missing_socket_errors ... ok
test sidecar_connect_against_present_socket_succeeds ... ok
test sidecar_pushes_received_envelope_into_store ... ok

test result: ok. 3 passed; 0 failed; 0 ignored; 0 measured; 0 filtered out; finished in 0.15s

     Running tests/router_e2e_test.rs (target/debug/deps/router_e2e_test-dee64c195cfd109c)

running 22 tests
test otp_audit_logging_redacted ... ok
test otp_expired_pending_token_evicted ... ok
test otp_eviction_mechanism_works ... ok
test otp_constant_time_validation ... ok
test otp_active_token_never_evicted ... ok
test otp_malformed_token_rejected ... ok
test otp_multiple_sessions_per_project ... ok
test otp_pending_within_ttl_survives_eviction ... ok
test otp_issued_token_is_pending ... ok
test otp_project_eviction_clears_all_sessions ... ok
test otp_set_cookie_header_attributes ... ok
test otp_token_encoding_alphabet ... ok
test otp_token_encoding_length ... ok
test otp_cross_project_isolation ... ok
test otp_token_zeroized_on_drop ... ok
test otp_token_roundtrip ... ok
test otp_validate_endpoint_contract ... ok
test otp_validation_promotes_pending_to_active ... ok
test otp_unknown_token_fails ... ok
test otp_valid_token_succeeds ... ok
test otp_store_consistency ... ok
test otp_token_entropy ... ok

test result: ok. 22 passed; 0 failed; 0 ignored; 0 measured; 0 filtered out; finished in 0.01s

     Running unittests src/lib.rs (target/debug/deps/tillandsias_scanner-9340bf45c387c436)

running 22 tests
test detect::tests::detect_node_project ... ok
test detect::tests::detect_containerfile_artifact ... ok
test detect::tests::detect_go_project ... ok
test detect::tests::detect_nix_project ... ok
test detect::tests::detect_python_project ... ok
test detect::tests::detect_rust_project ... ok
test detect::tests::detect_runtime_config ... ok
test detect::tests::detect_unknown_project ... ok
test detect::tests::scan_project_skips_hidden ... ok
test detect::tests::scan_project_full ... ok
test detect::tests::detect_python_requirements_txt ... ok
test watcher::tests::initial_scan_finds_projects ... ok
test watcher::tests::initial_scan_skips_hidden_dirs ... ok
test watcher::tests::initial_scan_skips_nonexistent_watch_path ... ok
test watcher::tests::initial_scan_mixed_valid_and_invalid_paths ... ok
test detect::tests::rust_takes_priority_over_node ... ok
test watcher::tests::resolve_project_dir_nested_file ... ok
test watcher::tests::resolve_project_dir_direct_child ... ok
test detect::tests::detect_dockerfile_artifact ... ok
test watcher::tests::watch_survives_nonexistent_watch_path ... ok
test watcher::tests::watch_survives_mixed_valid_and_invalid_paths ... ok
test watcher::tests::watch_detects_new_project ... ok

test result: ok. 22 passed; 0 failed; 0 ignored; 0 measured; 0 filtered out; finished in 0.61s

     Running unittests src/lib.rs (target/debug/deps/tillandsias_secure_channel-8fa964d177123d38)

running 16 tests
test tests::dev_root_secret_is_dev_seed ... ok
test tests::hop_labels_are_stable ... ok
test secure_stream::tests::the_three_failures_are_reported_differently ... ok
test secure_stream::tests::plaintext_peer_is_rejected ... ok
test tests::psk_differs_across_hop ... ok
test tests::host_derives_the_guests_key_from_the_guest_binary_not_its_own ... ok
test tests::psk_differs_across_wire_version ... ok
test tests::psk_differs_across_build_version ... ok
test tests::psk_differs_across_root_secret ... ok
test tests::psk_is_deterministic ... ok
test secure_stream::tests::mismatched_psk_handshake_fails ... ok
test secure_stream::tests::wrong_psk_is_reported_as_crypto_disagreement ... ok
test secure_stream::tests::round_trip_with_matching_psk ... ok
test secure_stream::tests::tampered_ciphertext_is_rejected ... ok
test secure_stream::tests::round_trip_multi_frame ... ok
test secure_stream::tests::peer_plaintext_refusal_is_reported_as_peer_frame_not_bare_noise_error ... ok

test result: ok. 16 passed; 0 failed; 0 ignored; 0 measured; 0 filtered out; finished in 0.20s

     Running unittests src/main.rs (target/debug/deps/tillandsias_static_server-dd9a66df6c4d0bbd)

running 0 tests

test result: ok. 0 passed; 0 failed; 0 ignored; 0 measured; 0 filtered out; finished in 0.00s

     Running unittests src/lib.rs (target/debug/deps/tillandsias_vault_client-d82b4c1356004c75)

running 20 tests
test auto_unseal::tests::derive_unseal_key_differs_for_different_installation_uuids ... ok
test policy::tests::codex_forge_policy_is_session_write_capable_and_provider_scoped ... ok
test auto_unseal::tests::derive_unseal_key_is_deterministic_for_same_inputs ... ok
test auto_unseal::tests::derive_unseal_key_differs_for_different_machine_ids ... ok
test policy::tests::git_mirror_policy_cannot_read_the_github_refresh_token ... ok
test policy::tests::embedded_hcl_matches_image_files_on_disk ... ok
test policy::tests::forge_policy_does_not_mention_github_token ... ok
test policy::tests::github_login_policy_writes_but_does_not_read_the_refresh_token ... ok
test policy::tests::provider_forge_policies_are_scoped_to_their_own_oauth_only ... ok
test auto_unseal::tests::derive_unseal_key_is_not_all_zero ... ok
test policy::tests::opencode_forge_policy_is_read_only_and_source_scoped ... ok
test policy::tests::policy_names_match_spec ... ok
test tests::decode_generated_root_token_rejects_bad_inputs ... ok
test policy::tests::the_refresh_path_glob_check_catches_a_wildcard_grant ... ok
test tests::ensure_kv_data_prefix_inserts_data_infix ... ok
test tests::ensure_kv_metadata_prefix_addresses_every_version ... ok
test tests::ensure_kv_data_prefix_is_idempotent ... ok
test tests::decode_generated_root_token_round_trips ... ok
test tests::invalid_ca_certificate_is_rejected ... ok
test tests::url_joins_correctly_with_or_without_trailing_slash ... ok

test result: ok. 20 passed; 0 failed; 0 ignored; 0 measured; 0 filtered out; finished in 0.00s

     Running tests/http_roundtrip.rs (target/debug/deps/http_roundtrip-7ecf9d4cd6f9cd6e)

running 17 tests
test approle_role_exists_returns_false_when_not_found ... ok
test health_reports_sealed_state ... ok
test write_secret_wraps_in_data_envelope ... ok
test read_secret_handles_403_as_unauthorized ... ok
test write_policy_uses_acl_endpoint ... ok
test create_approle_agent_role_posts_reusable_secret_id_lifecycle ... ok
test revoke_token_handles_204_no_content ... ok
test approle_role_exists_returns_true_when_exists ... ok
test destroy_approle_secret_id_accessor_posts_accessor_with_root_auth ... ok
test read_secret_handles_404_as_not_found ... ok
test enable_approle_swallows_already_in_use_400 ... ok
test read_secret_parses_data_field ... ok
test create_approle_role_posts_policies_and_ttls ... ok
test issue_approle_credentials_returns_reauth_material_without_logging_in ... ok
test malformed_approle_response_never_echoes_secret_id ... ok
test delete_secret_all_versions_hits_metadata_path ... ok
test issue_approle_token_returns_client_token_field ... ok

test result: ok. 17 passed; 0 failed; 0 ignored; 0 measured; 0 filtered out; finished in 0.02s

     Running unittests src/lib.rs (target/debug/deps/tillandsias_vm_layer-5bf1ce76d2e4a3ab)

running 126 tests
test fetch::tests::bench_unbuffered_vs_buffered_chunked_write ... ignored, timing bench; run explicitly with --ignored
test fetch::tests::live_headless_binary_downloads_and_verifies ... ignored, live network: downloads the real headless release binary
test qcow2::tests::compressed_span_handles_aligned_single_sector ... ok
test fetch::tests::sha256_hex_validation ... ok
test fetch::tests::pins_parse_from_json ... ok
test host_vsock_forward::tests::an_unreachable_target_closes_the_guest_connection ... ok
test host_vsock_forward::tests::the_relay_takes_ownership_of_the_fd ... ok
test readiness::tests::a_missing_probe_tool_is_not_reported_as_an_unbound_listener ... ok
test qcow2::tests::compressed_span_splits_offset_and_sector_count ... ok
test qcow2::tests::rejects_non_qcow2 ... ok
test readiness::tests::probe_has_a_failing_branch_at_all ... ok
test fetch::tests::unpinned_sha_is_refused ... ok
test readiness::tests::probe_puts_the_connect_address_first ... ok
test readiness::tests::probe_keeps_indeterminate_distinct_from_not_bound ... ok
test readiness::tests::start_limit_is_a_unit_section_directive ... ok
test readiness::tests::ready_unit_cannot_take_the_daemon_down_with_it ... ok
test recipe::tests::artifact_url_resolves_with_substitution ... ok
test recipe::tests::recipe_directive_validation ... ok
test recipe::tests::unknown_recipe_verb_errors ... ok
test recipe::tests::comments_and_blank_lines_are_skipped ... ok
test recipe::tests::artifact_url_returns_none_when_template_absent ... ok
test recipe::tests::line_continuation_joins ... ok
test recipe::tests::parses_individual_instructions ... ok
test recipe::tests::parses_full_recipe_and_accessors ... ok
test recipe::tests::artifact_url_substitutes_macos_qcow2_format ... ok
test recipe::tests::manifest_rejects_malformed_toml ... ok
test transport_conformance::tests::all_pass_report_grammar ... ok
test transport_conformance::tests::conforming_mock_passes_exec_fixtures_and_reports_stream_failure ... ok
test recipe::tests::keyword_is_case_insensitive ... ok
test host_vsock_forward::tests::the_forwarder_stops_when_the_listener_is_dropped ... ok
test host_vsock_forward::tests::a_guest_half_close_reaches_the_host_service ... ok
test recipe::tests::exact_artifact_url_precedes_template ... ok
test recipe::tests::production_manifest_resolves_published_fedora_artifacts ... ok
test vsock_exec::tests::a_draining_peer_is_not_killed_by_the_write_bound ... ok
test transport_conformance::tests::buffered_streaming_fails_the_incremental_fixture ... ok
test vsock_exec::tests::a_guest_without_the_cap_is_refused_before_the_request_is_sent ... ok
test host_vsock_forward::tests::bytes_cross_in_both_directions ... ok
test vsock_exec::tests::a_guest_with_the_cap_proceeds_to_the_request ... ok
test recipe::tests::manifest_parses_and_looks_up_arch ... ok
test vsock_exec::tests::a_needle_split_across_frames_is_still_matched ... ok
test vsock_exec::tests::a_blocked_guest_is_reported_immediately_not_waited_out ... ok
test vsock_exec::tests::exec_idle_timeout_is_single_env_overridable_policy ... ok
test fetch::tests::cache_hit_skips_network ... ok
test vsock_exec::tests::an_oversize_inbound_frame_is_refused_by_the_codec_bound ... ok
test vsock_exec::tests::a_responsive_peer_is_not_killed_by_the_setup_deadline ... ok
test vsock_exec::tests::a_talking_guest_produces_no_waiting_reports ... ok
test vsock_exec::tests::exec_over_stream_rejects_empty_argv ... ok
test vsock_exec::tests::exec_over_stream_collects_output_and_exit ... ok
test vsock_exec::tests::exec_over_stream_propagates_nonzero_exit ... ok
test vsock_exec::tests::exec_over_stream_expect_dynamic_defers_response_until_prompt ... ok
test vsock_exec::tests::every_driver_surfaces_a_guest_error_envelope ... ok
test vsock_exec::tests::every_exec_entry_point_chooses_its_open_frame ... ok
test vsock_exec::tests::exec_over_stream_with_input_delivers_stdin ... ok
test vsock_exec::tests::every_input_entry_point_sends_stdin_eof ... ok
test vsock_exec::tests::expect_driver_normal_close_is_unaffected_by_the_error_arm ... ok
test vsock_exec::tests::exec_over_stream_expect_drives_sequential_prompts ... ok
test vsock_exec::tests::previews_escape_control_bytes_and_are_bounded ... ok
test vsock_exec::tests::retain_tail_keeps_the_newest_bytes_and_leaves_short_output_whole ... ok
test vsock_exec::tests::a_v2_heartbeat_reports_the_guests_input_state ... ok
test vsock_exec::tests::scan_region_is_red_when_its_end_anchor_is_renamed ... ok
test vsock_exec::tests::every_heartbeat_version_combination_completes_the_exchange ... ok
test vsock_exec::tests::no_test_mutates_the_deadlock_report_env ... ok
test vsock_exec::tests::the_deadlock_report_can_be_disabled ... ok
test vsock_exec::tests::stdin_eof_is_only_sent_when_input_was_actually_delivered ... ok
test vsock_exec::tests::stdin_eof_is_gated_on_the_advertised_capability_not_the_wire_version ... ok
test vsock_exec::tests::trimming_keeps_exactly_what_matching_still_needs ... ok
test vsock_exec::tests::the_refusal_names_an_empty_advertisement_explicitly ... ok
test vsock_exec::tests::wall_clock_ceiling_leaves_enormous_headroom_over_measured_first_run ... ok
test vsock_exec::tests::wall_clock_ceiling_error_names_the_pending_expect_and_bytes ... ok
test vsock_exec::tests::wall_clock_ceiling_parses_default_disable_and_floor ... ok
test vz::tests::absent_console_log_rotates_without_error ... ok
test vsock_exec::tests::the_specials_list_is_what_was_measured_not_the_whole_control_range ... ok
test vsock_exec::tests::raw_output_sink_receives_guest_bytes_unescaped_while_the_log_stays_escaped ... ok
test vsock_exec::tests::two_frames_in_one_write_are_both_read_back ... ok
test vz::tests::guest_disk_grows_in_steps_to_the_cap_and_never_shrinks ... ok
test vz::tests::guest_sizing_gives_the_919_jii2_host_8gib_and_8_vcpu ... ok
test vz::tests::fresh_runtime_is_not_provisioned ... ok
test vz::tests::console_log_under_the_cap_is_left_alone ... ok
test vz::tests::guest_sizing_leaves_the_host_a_core ... ok
test vz::tests::guest_sizing_leaves_the_host_its_reserve_and_caps_large_hosts ... ok
test vz::tests::cloud_init_persists_the_model_cache_mount ... ok
test vz::tests::guest_sizing_lets_the_reserve_win_below_the_crossover ... ok
test vz::tests::guest_sizing_never_exceeds_the_host ... ok
test vz::tests::guest_sizing_obeys_the_2026_09_16_memory_ruling ... ok
test vz::tests::is_provisioned_documents_that_it_only_stats_a_file ... ok
test vz::tests::systemd_mount_unit_escapes_like_systemd ... ok
test vz::tests::provisioned_check_requires_root_disk ... ok
test vz::tests::vz_artifact_paths_live_under_image_root ... ok
test vsock_exec::tests::a_working_or_undeterminable_guest_is_never_reported_as_deadlocked ... ok
test vz::tests::provisioning_never_spawns_a_binary_absent_from_the_minimal_path ... ok
test vsock_exec::tests::a_chatty_guest_does_not_flood_the_event_sink ... ok
test vsock_exec::tests::no_setup_read_is_left_unbounded ... ok
test vz::tests::vz_runtime_is_send_and_sync ... ok
test vz::tests::stop_makes_no_vz_call_outside_the_vm_queue ... ok
test vz::tests::the_space_check_runs_before_the_image_download ... ok
test wsl::tests::classified_short_status_matches_remediations ... ok
test vz::tests::convert_grows_raw_disk_before_first_boot ... ok
test vz::tests::live_boot_spec_derives_sizing_from_the_host_not_a_literal ... ok
test vz::tests::wipe_provisioned_artifacts_is_idempotent_on_missing_files ... ok
test vz::tests::vz_fetch_script_prefers_staged_binary_over_network ... ok
test wsl::tests::classify_launch_stderr_names_kernel_disk_and_virtualization ... ok
test wsl::tests::forge_user_setup_script_contract ... ok
test wsl::tests::guest_root_headroom_verdict_boundaries ... ok
test vz::tests::vz_cloud_init_fetch_script_names_why_it_skipped_the_staged_binary ... ok
test vz::tests::no_unimplemented_or_todo_placeholders_in_vz ... ok
test wsl::tests::parse_cim_bool_lines_shapes ... ok
test wsl::tests::parse_df_avail_kib_handles_real_and_degenerate_output ... ok
test vz::tests::vz_cloud_init_headless_fetch_unit_is_idempotent ... ok
test vz::tests::wipe_provisioned_artifacts_resets_to_first_provision_state ... ok
test wsl::tests::wsl_platform_classifier_maps_captured_signatures ... ok
test wsl::tests::wsl_platform_verdict_remediation_and_tokens ... ok
test vz::tests::vz_fetch_script_installs_download_via_temp_file ... ok
test wsl::tests::provisioning_asserts_guest_disk_headroom ... ok
test wsl::tests::wsl_provision_unit_pins_lock_namespace_env ... ok
test wsl::tests::wsl_shutdown_recovery_owns_a_hard_process_bound ... ok
test wsl::tests::provisioning_writers_use_stdin_delivery ... ok
test wsl::tests::provisioning_ensures_forge_user_and_src ... ok
test vz::tests::vz_cloud_init_headless_service_has_control_wire_preflight ... ok
test vz::tests::oversized_console_log_is_rotated_to_a_previous_generation ... ok
test vsock_exec::tests::exec_with_input_surfaces_guest_error_instead_of_hanging ... ok
test vsock_exec::tests::heartbeats_report_what_the_host_is_waiting_for ... ok
test vsock_exec::tests::guest_output_is_surfaced_before_the_session_closes ... ok
test vsock_exec::tests::streaming_exec_times_out_when_slow_guest_sends_no_frames ... ok
test vsock_exec::tests::a_peer_that_stops_draining_does_not_park_the_writer ... ok
test vsock_exec::tests::streaming_exec_heartbeats_survive_total_silence_beyond_idle_deadline ... ok
test vsock_exec::tests::a_peer_that_goes_silent_during_setup_fails_bounded_and_named ... ok

test result: ok. 124 passed; 0 failed; 2 ignored; 0 measured; 0 filtered out; finished in 0.10s

     Running tests/qcow2_expand.rs (target/debug/deps/qcow2_expand-02dc13b17a623534)

running 6 tests
test full_image_matches_qemu_img ... ignored, needs a full Fedora Cloud qcow2 and its qemu-img-derived SHA
test cross_check_against_qemu_img_when_available ... ok
test final_size_grows_the_image_without_changing_its_content ... ok
test final_size_below_virtual_size_does_not_truncate ... ok
test each_cluster_kind_expands_to_the_right_bytes ... ok
test expansion_matches_the_bytes_the_fixture_encodes ... ok

test result: ok. 5 passed; 0 failed; 1 ignored; 0 measured; 0 filtered out; finished in 0.01s

     Running tests/wsl_stdio_bridge_eof_enrichment.rs (target/debug/deps/wsl_stdio_bridge_eof_enrichment-b6e1c481d9adcf02)

running 0 tests

test result: ok. 0 passed; 0 failed; 0 ignored; 0 measured; 0 filtered out; finished in 0.00s

     Running unittests src/main.rs (target/debug/deps/tillandsias_windows_tray-92afb2f719097bf0)

running 35 tests
test provision_console::tests::phase_labels_are_ascii_and_have_no_ellipsis ... ok
test provision_console::tests::progress_topic_is_opt_in_and_the_old_subscribe_is_byte_identical ... ok
test provision_console::tests::guest_progress_renders_plain_ascii_per_state_change ... ok
test provision_console::tests::piped_provisioning_is_plain_ascii_with_no_escape_bytes ... ok
test tests::known_flags_and_bare_gui_launch_are_accepted ... ok
test tests::github_login_wrapper_captures_full_output_on_every_host ... ok
test provision_console::tests::windows_tier_follows_the_console_not_term ... ok
test tests::headless_forge_launch_initialises_tracing_before_spawning ... ok
test tests::notify_icon_wires_in_crashloop_detection ... ok
test provision_console::tests::success_completes_every_phase_and_failure_names_the_current_one ... ok
test tests::every_guest_wipe_path_clears_the_host_side_vault_credentials ... ok
test tests::login_transitive_state_wiring_is_present ... ok
test tests::known_flags_match_the_dispatch_in_main ... ok
test tests::unknown_flags_are_refused ... ok
test tests::registered_distro_probe_timeout_policy_is_wired_non_destructively ... ok
test tray_phase_icon::tests::menu_row_is_label_bar_percent_and_fits_the_chip ... ok
test tray_phase_icon::tests::phase_mapping_is_the_documented_one ... ok
test tray_phase_icon::tests::percent_gate_repaints_once_per_percent ... ok
test tray_phase_icon::tests::ready_is_distinguishable_from_every_other_phase ... ok
test tray_phase_icon::tests::rootfs_download_is_a_typed_bytes_event_with_the_approved_label ... ok
test tray_registry::tests::a_carried_or_promoted_entry_is_left_alone ... ok
test tray_registry::tests::a_new_entry_inherits_an_existing_approval ... ok
test tray_registry::tests::a_directory_that_merely_contains_the_name_is_not_ours ... ok
test tray_phase_icon::tests::progress_strip_paints_the_palette_on_the_bottom_rows_only ... ok
test provision_console::tests::result_lines_are_ascii_only_when_plain ... ok
test tray_registry::tests::foreign_entries_are_never_touched ... ok
test tray_registry::tests::an_entry_whose_target_is_gone_is_pruned ... ok
test tests::reset_guest_menu_wiring_absent_cli_and_runtime_present ... ok
test tray_registry::tests::another_tillandsias_that_still_exists_is_left_alone ... ok
test tray_registry::tests::only_tillandsias_tray_entries_are_siblings ... ok
test tray_registry::tests::own_entry_is_matched_case_insensitively_and_across_separators ... ok
test tray_registry::tests::settings_tooltip_carries_the_version ... ok
test tray_registry::tests::the_running_builds_own_entry_is_refreshed ... ok
test wsl_probe_policy::tests::probe_decision_table_is_bounded_and_non_destructive ... ok
test wsl_probe_policy::tests::service_errors_are_never_distro_damage_evidence ... ok

test result: ok. 35 passed; 0 failed; 0 ignored; 0 measured; 0 filtered out; finished in 0.00s

     Running tests/cli_integration.rs (target/debug/deps/cli_integration-25cbe91a5a64dc6f)

running 0 tests

test result: ok. 0 passed; 0 failed; 0 ignored; 0 measured; 0 filtered out; finished in 0.00s

     Running tests/portable_smoke.rs (target/debug/deps/portable_smoke-da76604de58fcb1d)

running 3 tests
test agent_picker_lists_three_agents_in_canonical_order ... ok
test logged_in_state_gates_out_github_login_row ... ok
test portable_menu_build_is_invokable_from_windows_tray_path ... ok

test result: ok. 3 passed; 0 failed; 0 ignored; 0 measured; 0 filtered out; finished in 0.00s

   Doc-tests tillandsias_browser_mcp

running 0 tests

test result: ok. 0 passed; 0 failed; 0 ignored; 0 measured; 0 filtered out; finished in 0.00s

   Doc-tests tillandsias_control_wire

running 0 tests

test result: ok. 0 passed; 0 failed; 0 ignored; 0 measured; 0 filtered out; finished in 0.00s

   Doc-tests tillandsias_core

running 0 tests

test result: ok. 0 passed; 0 failed; 0 ignored; 0 measured; 0 filtered out; finished in 0.00s

   Doc-tests tillandsias_exec

running 0 tests

test result: ok. 0 passed; 0 failed; 0 ignored; 0 measured; 0 filtered out; finished in 0.00s

   Doc-tests tillandsias_host_shell

running 0 tests

test result: ok. 0 passed; 0 failed; 0 ignored; 0 measured; 0 filtered out; finished in 0.00s

   Doc-tests tillandsias_litmus_rust

running 0 tests

test result: ok. 0 passed; 0 failed; 0 ignored; 0 measured; 0 filtered out; finished in 0.00s

   Doc-tests tillandsias_logging

running 5 tests
test crates/tillandsias-logging/src/budget_enforcer.rs - budget_enforcer (line 17) ... ignored
test crates/tillandsias-logging/src/sampler.rs - sampler (line 16) ... ignored
test crates/tillandsias-logging/src/span_context.rs - span_context::SpanContext (line 102) ... ignored
test crates/tillandsias-logging/src/surface.rs - surface (line 20) ... ignored
test crates/tillandsias-logging/src/surface.rs - surface::ObservabilityAPI::query (line 160) ... ignored

test result: ok. 0 passed; 0 failed; 5 ignored; 0 measured; 0 filtered out; finished in 0.00s

all doctests ran in 0.08s; merged doctests compilation took 0.08s
   Doc-tests tillandsias_metrics

running 2 tests
test crates/tillandsias-metrics/src/lib.rs - (line 17) - compile ... ok
test crates/tillandsias-metrics/src/prometheus_exporter.rs - prometheus_exporter (line 17) - compile ... ok

test result: ok. 2 passed; 0 failed; 0 ignored; 0 measured; 0 filtered out; finished in 0.00s

all doctests ran in 0.14s; merged doctests compilation took 0.14s
   Doc-tests tillandsias_msg

running 0 tests

test result: ok. 0 passed; 0 failed; 0 ignored; 0 measured; 0 filtered out; finished in 0.00s

   Doc-tests tillandsias_otp

running 0 tests

test result: ok. 0 passed; 0 failed; 0 ignored; 0 measured; 0 filtered out; finished in 0.00s

   Doc-tests tillandsias_plan

running 0 tests

test result: ok. 0 passed; 0 failed; 0 ignored; 0 measured; 0 filtered out; finished in 0.00s

   Doc-tests tillandsias_podman

running 0 tests

test result: ok. 0 passed; 0 failed; 0 ignored; 0 measured; 0 filtered out; finished in 0.00s

   Doc-tests tillandsias_podman_cli

running 0 tests

test result: ok. 0 passed; 0 failed; 0 ignored; 0 measured; 0 filtered out; finished in 0.00s

   Doc-tests tillandsias_progress_tty

running 0 tests

test result: ok. 0 passed; 0 failed; 0 ignored; 0 measured; 0 filtered out; finished in 0.00s

   Doc-tests tillandsias_scanner

running 0 tests

test result: ok. 0 passed; 0 failed; 0 ignored; 0 measured; 0 filtered out; finished in 0.00s

   Doc-tests tillandsias_secure_channel

running 1 test
test crates/tillandsias-secure-channel/src/secure_stream.rs - secure_stream::HandshakeError (line 113) ... ignored

test result: ok. 0 passed; 0 failed; 1 ignored; 0 measured; 0 filtered out; finished in 0.00s

all doctests ran in 0.07s; merged doctests compilation took 0.07s
   Doc-tests tillandsias_vault_client

running 0 tests

test result: ok. 0 passed; 0 failed; 0 ignored; 0 measured; 0 filtered out; finished in 0.00s

   Doc-tests tillandsias_vm_layer

running 0 tests

test result: ok. 0 passed; 0 failed; 0 ignored; 0 measured; 0 filtered out; finished in 0.00s

error: 1 target failed:
    `-p tillandsias-plan --test lua_proc`
